system2rank,segmentId,system1Id,system2Number,system1Number,trglang,system1rank,srcIndex,judgeID,srclang,system2Id,documentId
2,1,rowling.appraise_t1,-1,-1,-1,1,1,evaluator2,-1,rowling.appraise_t2,-1
1,1,rowling.appraise_t1,-1,-1,-1,1,1,evaluator2,-1,rowling.appraise_t3,-1
1,1,rowling.appraise_t2,-1,-1,-1,2,1,evaluator2,-1,rowling.appraise_t3,-1
1,2,rowling.appraise_t2,-1,-1,-1,2,2,evaluator2,-1,rowling.appraise_t3,-1
2,2,rowling.appraise_t1,-1,-1,-1,1,2,evaluator1,-1,rowling.appraise_t2,-1
2,2,rowling.appraise_t1,-1,-1,-1,1,2,evaluator1,-1,rowling.appraise_t3,-1
2,2,rowling.appraise_t2,-1,-1,-1,2,2,evaluator1,-1,rowling.appraise_t3,-1
2,3,rowling.appraise_t1,-1,-1,-1,1,3,evaluator2,-1,rowling.appraise_t2,-1
2,3,rowling.appraise_t1,-1,-1,-1,1,3,evaluator2,-1,rowling.appraise_t3,-1
2,3,rowling.appraise_t2,-1,-1,-1,2,3,evaluator2,-1,rowling.appraise_t3,-1
3,3,rowling.appraise_t1,-1,-1,-1,1,3,evaluator1,-1,rowling.appraise_t2,-1
2,3,rowling.appraise_t1,-1,-1,-1,1,3,evaluator1,-1,rowling.appraise_t3,-1
2,3,rowling.appraise_t2,-1,-1,-1,3,3,evaluator1,-1,rowling.appraise_t3,-1
3,4,rowling.appraise_t1,-1,-1,-1,1,4,evaluator2,-1,rowling.appraise_t2,-1
2,4,rowling.appraise_t1,-1,-1,-1,1,4,evaluator2,-1,rowling.appraise_t3,-1
2,4,rowling.appraise_t2,-1,-1,-1,3,4,evaluator2,-1,rowling.appraise_t3,-1
2,4,rowling.appraise_t1,-1,-1,-1,2,4,evaluator1,-1,rowling.appraise_t3,-1
2,4,rowling.appraise_t2,-1,-1,-1,1,4,evaluator1,-1,rowling.appraise_t3,-1
2,5,rowling.appraise_t1,-1,-1,-1,1,5,evaluator2,-1,rowling.appraise_t2,-1
2,5,rowling.appraise_t1,-1,-1,-1,1,5,evaluator2,-1,rowling.appraise_t3,-1
2,5,rowling.appraise_t2,-1,-1,-1,2,5,evaluator2,-1,rowling.appraise_t3,-1
2,5,rowling.appraise_t1,-1,-1,-1,2,5,evaluator1,-1,rowling.appraise_t3,-1
2,5,rowling.appraise_t2,-1,-1,-1,1,5,evaluator1,-1,rowling.appraise_t3,-1
3,6,rowling.appraise_t1,-1,-1,-1,1,6,evaluator2,-1,rowling.appraise_t2,-1
2,6,rowling.appraise_t1,-1,-1,-1,1,6,evaluator2,-1,rowling.appraise_t3,-1
2,6,rowling.appraise_t2,-1,-1,-1,3,6,evaluator2,-1,rowling.appraise_t3,-1
3,6,rowling.appraise_t1,-1,-1,-1,2,6,evaluator1,-1,rowling.appraise_t2,-1
1,6,rowling.appraise_t2,-1,-1,-1,3,6,evaluator1,-1,rowling.appraise_t3,-1
3,7,rowling.appraise_t1,-1,-1,-1,1,7,evaluator2,-1,rowling.appraise_t2,-1
2,7,rowling.appraise_t1,-1,-1,-1,1,7,evaluator2,-1,rowling.appraise_t3,-1
2,7,rowling.appraise_t2,-1,-1,-1,3,7,evaluator2,-1,rowling.appraise_t3,-1
3,7,rowling.appraise_t1,-1,-1,-1,1,7,evaluator1,-1,rowling.appraise_t2,-1
2,7,rowling.appraise_t1,-1,-1,-1,1,7,evaluator1,-1,rowling.appraise_t3,-1
2,7,rowling.appraise_t2,-1,-1,-1,3,7,evaluator1,-1,rowling.appraise_t3,-1
2,8,rowling.appraise_t1,-1,-1,-1,1,8,evaluator2,-1,rowling.appraise_t2,-1
3,8,rowling.appraise_t1,-1,-1,-1,1,8,evaluator2,-1,rowling.appraise_t3,-1
3,8,rowling.appraise_t2,-1,-1,-1,2,8,evaluator2,-1,rowling.appraise_t3,-1
2,8,rowling.appraise_t1,-1,-1,-1,1,8,evaluator1,-1,rowling.appraise_t2,-1
2,8,rowling.appraise_t1,-1,-1,-1,1,8,evaluator1,-1,rowling.appraise_t3,-1
2,8,rowling.appraise_t2,-1,-1,-1,2,8,evaluator1,-1,rowling.appraise_t3,-1
3,9,rowling.appraise_t1,-1,-1,-1,2,9,evaluator2,-1,rowling.appraise_t2,-1
1,9,rowling.appraise_t2,-1,-1,-1,3,9,evaluator2,-1,rowling.appraise_t3,-1
3,9,rowling.appraise_t1,-1,-1,-1,1,9,evaluator1,-1,rowling.appraise_t2,-1
2,9,rowling.appraise_t1,-1,-1,-1,1,9,evaluator1,-1,rowling.appraise_t3,-1
2,9,rowling.appraise_t2,-1,-1,-1,3,9,evaluator1,-1,rowling.appraise_t3,-1
2,10,rowling.appraise_t1,-1,-1,-1,1,10,evaluator2,-1,rowling.appraise_t2,-1
2,10,rowling.appraise_t1,-1,-1,-1,1,10,evaluator2,-1,rowling.appraise_t3,-1
2,10,rowling.appraise_t2,-1,-1,-1,2,10,evaluator2,-1,rowling.appraise_t3,-1
2,10,rowling.appraise_t1,-1,-1,-1,1,10,evaluator1,-1,rowling.appraise_t2,-1
2,10,rowling.appraise_t1,-1,-1,-1,1,10,evaluator1,-1,rowling.appraise_t3,-1
2,10,rowling.appraise_t2,-1,-1,-1,2,10,evaluator1,-1,rowling.appraise_t3,-1
1,11,rowling.appraise_t2,-1,-1,-1,1,11,evaluator2,-1,rowling.appraise_t3,-1
1,11,rowling.appraise_t2,-1,-1,-1,1,11,evaluator1,-1,rowling.appraise_t3,-1
3,12,rowling.appraise_t1,-1,-1,-1,2,12,evaluator2,-1,rowling.appraise_t3,-1
3,12,rowling.appraise_t2,-1,-1,-1,1,12,evaluator2,-1,rowling.appraise_t3,-1
2,12,rowling.appraise_t1,-1,-1,-1,1,12,evaluator1,-1,rowling.appraise_t2,-1
2,12,rowling.appraise_t1,-1,-1,-1,1,12,evaluator1,-1,rowling.appraise_t3,-1
2,12,rowling.appraise_t2,-1,-1,-1,2,12,evaluator1,-1,rowling.appraise_t3,-1
1,13,rowling.appraise_t2,-1,-1,-1,2,13,evaluator2,-1,rowling.appraise_t3,-1
2,13,rowling.appraise_t1,-1,-1,-1,1,13,evaluator1,-1,rowling.appraise_t2,-1
2,13,rowling.appraise_t1,-1,-1,-1,1,13,evaluator1,-1,rowling.appraise_t3,-1
2,13,rowling.appraise_t2,-1,-1,-1,2,13,evaluator1,-1,rowling.appraise_t3,-1
3,14,rowling.appraise_t1,-1,-1,-1,2,14,evaluator2,-1,rowling.appraise_t3,-1
3,14,rowling.appraise_t2,-1,-1,-1,1,14,evaluator2,-1,rowling.appraise_t3,-1
3,14,rowling.appraise_t1,-1,-1,-1,1,14,evaluator1,-1,rowling.appraise_t2,-1
2,14,rowling.appraise_t1,-1,-1,-1,1,14,evaluator1,-1,rowling.appraise_t3,-1
2,14,rowling.appraise_t2,-1,-1,-1,3,14,evaluator1,-1,rowling.appraise_t3,-1
2,15,rowling.appraise_t1,-1,-1,-1,1,15,evaluator2,-1,rowling.appraise_t2,-1
2,15,rowling.appraise_t1,-1,-1,-1,1,15,evaluator2,-1,rowling.appraise_t3,-1
2,15,rowling.appraise_t2,-1,-1,-1,2,15,evaluator2,-1,rowling.appraise_t3,-1
2,15,rowling.appraise_t1,-1,-1,-1,1,15,evaluator1,-1,rowling.appraise_t2,-1
2,15,rowling.appraise_t1,-1,-1,-1,1,15,evaluator1,-1,rowling.appraise_t3,-1
2,15,rowling.appraise_t2,-1,-1,-1,2,15,evaluator1,-1,rowling.appraise_t3,-1
2,16,rowling.appraise_t2,-1,-1,-1,1,16,evaluator2,-1,rowling.appraise_t3,-1
2,16,rowling.appraise_t1,-1,-1,-1,1,16,evaluator1,-1,rowling.appraise_t2,-1
2,16,rowling.appraise_t1,-1,-1,-1,1,16,evaluator1,-1,rowling.appraise_t3,-1
2,16,rowling.appraise_t2,-1,-1,-1,2,16,evaluator1,-1,rowling.appraise_t3,-1
2,17,rowling.appraise_t1,-1,-1,-1,1,17,evaluator2,-1,rowling.appraise_t2,-1
1,17,rowling.appraise_t1,-1,-1,-1,1,17,evaluator2,-1,rowling.appraise_t3,-1
1,17,rowling.appraise_t2,-1,-1,-1,2,17,evaluator2,-1,rowling.appraise_t3,-1
2,17,rowling.appraise_t1,-1,-1,-1,1,17,evaluator1,-1,rowling.appraise_t2,-1
1,17,rowling.appraise_t1,-1,-1,-1,1,17,evaluator1,-1,rowling.appraise_t3,-1
1,17,rowling.appraise_t2,-1,-1,-1,2,17,evaluator1,-1,rowling.appraise_t3,-1
2,18,rowling.appraise_t1,-1,-1,-1,1,18,evaluator2,-1,rowling.appraise_t2,-1
1,18,rowling.appraise_t1,-1,-1,-1,1,18,evaluator2,-1,rowling.appraise_t3,-1
1,18,rowling.appraise_t2,-1,-1,-1,2,18,evaluator2,-1,rowling.appraise_t3,-1
2,18,rowling.appraise_t1,-1,-1,-1,2,18,evaluator1,-1,rowling.appraise_t2,-1
1,18,rowling.appraise_t2,-1,-1,-1,2,18,evaluator1,-1,rowling.appraise_t3,-1
3,19,rowling.appraise_t1,-1,-1,-1,1,19,evaluator2,-1,rowling.appraise_t2,-1
2,19,rowling.appraise_t1,-1,-1,-1,1,19,evaluator2,-1,rowling.appraise_t3,-1
2,19,rowling.appraise_t2,-1,-1,-1,3,19,evaluator2,-1,rowling.appraise_t3,-1
3,19,rowling.appraise_t1,-1,-1,-1,1,19,evaluator1,-1,rowling.appraise_t2,-1
2,19,rowling.appraise_t1,-1,-1,-1,1,19,evaluator1,-1,rowling.appraise_t3,-1
2,19,rowling.appraise_t2,-1,-1,-1,3,19,evaluator1,-1,rowling.appraise_t3,-1
1,20,rowling.appraise_t2,-1,-1,-1,1,20,evaluator1,-1,rowling.appraise_t3,-1
2,21,rowling.appraise_t1,-1,-1,-1,2,21,evaluator1,-1,rowling.appraise_t3,-1
2,21,rowling.appraise_t2,-1,-1,-1,1,21,evaluator1,-1,rowling.appraise_t3,-1
1,22,rowling.appraise_t1,-1,-1,-1,1,22,evaluator2,-1,rowling.appraise_t2,-1
1,22,rowling.appraise_t1,-1,-1,-1,1,22,evaluator2,-1,rowling.appraise_t3,-1
1,22,rowling.appraise_t2,-1,-1,-1,1,22,evaluator2,-1,rowling.appraise_t3,-1
2,22,rowling.appraise_t1,-1,-1,-1,1,22,evaluator1,-1,rowling.appraise_t2,-1
2,22,rowling.appraise_t1,-1,-1,-1,1,22,evaluator1,-1,rowling.appraise_t3,-1
2,22,rowling.appraise_t2,-1,-1,-1,2,22,evaluator1,-1,rowling.appraise_t3,-1
3,23,rowling.appraise_t1,-1,-1,-1,1,23,evaluator2,-1,rowling.appraise_t2,-1
2,23,rowling.appraise_t1,-1,-1,-1,1,23,evaluator2,-1,rowling.appraise_t3,-1
2,23,rowling.appraise_t2,-1,-1,-1,3,23,evaluator2,-1,rowling.appraise_t3,-1
1,23,rowling.appraise_t2,-1,-1,-1,2,23,evaluator1,-1,rowling.appraise_t3,-1
3,24,rowling.appraise_t1,-1,-1,-1,1,24,evaluator2,-1,rowling.appraise_t2,-1
2,24,rowling.appraise_t1,-1,-1,-1,1,24,evaluator2,-1,rowling.appraise_t3,-1
2,24,rowling.appraise_t2,-1,-1,-1,3,24,evaluator2,-1,rowling.appraise_t3,-1
3,24,rowling.appraise_t1,-1,-1,-1,1,24,evaluator1,-1,rowling.appraise_t2,-1
2,24,rowling.appraise_t1,-1,-1,-1,1,24,evaluator1,-1,rowling.appraise_t3,-1
2,24,rowling.appraise_t2,-1,-1,-1,3,24,evaluator1,-1,rowling.appraise_t3,-1
2,25,rowling.appraise_t1,-1,-1,-1,1,25,evaluator2,-1,rowling.appraise_t2,-1
2,25,rowling.appraise_t1,-1,-1,-1,1,25,evaluator2,-1,rowling.appraise_t3,-1
2,25,rowling.appraise_t2,-1,-1,-1,2,25,evaluator2,-1,rowling.appraise_t3,-1
1,25,rowling.appraise_t2,-1,-1,-1,1,25,evaluator1,-1,rowling.appraise_t3,-1
2,26,rowling.appraise_t1,-1,-1,-1,1,26,evaluator2,-1,rowling.appraise_t2,-1
3,26,rowling.appraise_t1,-1,-1,-1,1,26,evaluator2,-1,rowling.appraise_t3,-1
3,26,rowling.appraise_t2,-1,-1,-1,2,26,evaluator2,-1,rowling.appraise_t3,-1
2,26,rowling.appraise_t1,-1,-1,-1,1,26,evaluator1,-1,rowling.appraise_t2,-1
3,26,rowling.appraise_t1,-1,-1,-1,1,26,evaluator1,-1,rowling.appraise_t3,-1
3,26,rowling.appraise_t2,-1,-1,-1,2,26,evaluator1,-1,rowling.appraise_t3,-1
1,27,rowling.appraise_t1,-1,-1,-1,1,27,evaluator2,-1,rowling.appraise_t2,-1
1,27,rowling.appraise_t1,-1,-1,-1,1,27,evaluator2,-1,rowling.appraise_t3,-1
1,27,rowling.appraise_t2,-1,-1,-1,1,27,evaluator2,-1,rowling.appraise_t3,-1
1,27,rowling.appraise_t1,-1,-1,-1,1,27,evaluator1,-1,rowling.appraise_t2,-1
1,27,rowling.appraise_t1,-1,-1,-1,1,27,evaluator1,-1,rowling.appraise_t3,-1
1,27,rowling.appraise_t2,-1,-1,-1,1,27,evaluator1,-1,rowling.appraise_t3,-1
3,28,rowling.appraise_t1,-1,-1,-1,1,28,evaluator2,-1,rowling.appraise_t2,-1
2,28,rowling.appraise_t1,-1,-1,-1,1,28,evaluator2,-1,rowling.appraise_t3,-1
2,28,rowling.appraise_t2,-1,-1,-1,3,28,evaluator2,-1,rowling.appraise_t3,-1
3,28,rowling.appraise_t1,-1,-1,-1,2,28,evaluator1,-1,rowling.appraise_t2,-1
1,28,rowling.appraise_t2,-1,-1,-1,3,28,evaluator1,-1,rowling.appraise_t3,-1
3,29,rowling.appraise_t1,-1,-1,-1,2,29,evaluator2,-1,rowling.appraise_t2,-1
1,29,rowling.appraise_t2,-1,-1,-1,3,29,evaluator2,-1,rowling.appraise_t3,-1
2,29,rowling.appraise_t1,-1,-1,-1,1,29,evaluator1,-1,rowling.appraise_t2,-1
2,29,rowling.appraise_t1,-1,-1,-1,1,29,evaluator1,-1,rowling.appraise_t3,-1
2,29,rowling.appraise_t2,-1,-1,-1,2,29,evaluator1,-1,rowling.appraise_t3,-1
1,31,rowling.appraise_t2,-1,-1,-1,2,31,evaluator2,-1,rowling.appraise_t3,-1
1,31,rowling.appraise_t2,-1,-1,-1,2,31,evaluator1,-1,rowling.appraise_t3,-1
3,32,rowling.appraise_t1,-1,-1,-1,1,32,evaluator2,-1,rowling.appraise_t2,-1
2,32,rowling.appraise_t1,-1,-1,-1,1,32,evaluator2,-1,rowling.appraise_t3,-1
2,32,rowling.appraise_t2,-1,-1,-1,3,32,evaluator2,-1,rowling.appraise_t3,-1
2,32,rowling.appraise_t1,-1,-1,-1,1,32,evaluator1,-1,rowling.appraise_t2,-1
1,32,rowling.appraise_t1,-1,-1,-1,1,32,evaluator1,-1,rowling.appraise_t3,-1
1,32,rowling.appraise_t2,-1,-1,-1,2,32,evaluator1,-1,rowling.appraise_t3,-1
2,33,rowling.appraise_t1,-1,-1,-1,1,33,evaluator2,-1,rowling.appraise_t2,-1
3,33,rowling.appraise_t1,-1,-1,-1,1,33,evaluator2,-1,rowling.appraise_t3,-1
3,33,rowling.appraise_t2,-1,-1,-1,2,33,evaluator2,-1,rowling.appraise_t3,-1
2,33,rowling.appraise_t1,-1,-1,-1,1,33,evaluator1,-1,rowling.appraise_t2,-1
2,33,rowling.appraise_t1,-1,-1,-1,1,33,evaluator1,-1,rowling.appraise_t3,-1
2,33,rowling.appraise_t2,-1,-1,-1,2,33,evaluator1,-1,rowling.appraise_t3,-1
3,34,rowling.appraise_t1,-1,-1,-1,1,34,evaluator2,-1,rowling.appraise_t2,-1
2,34,rowling.appraise_t1,-1,-1,-1,1,34,evaluator2,-1,rowling.appraise_t3,-1
2,34,rowling.appraise_t2,-1,-1,-1,3,34,evaluator2,-1,rowling.appraise_t3,-1
2,34,rowling.appraise_t1,-1,-1,-1,1,34,evaluator1,-1,rowling.appraise_t2,-1
2,34,rowling.appraise_t1,-1,-1,-1,1,34,evaluator1,-1,rowling.appraise_t3,-1
2,34,rowling.appraise_t2,-1,-1,-1,2,34,evaluator1,-1,rowling.appraise_t3,-1
3,35,rowling.appraise_t1,-1,-1,-1,1,35,evaluator2,-1,rowling.appraise_t2,-1
2,35,rowling.appraise_t1,-1,-1,-1,1,35,evaluator2,-1,rowling.appraise_t3,-1
2,35,rowling.appraise_t2,-1,-1,-1,3,35,evaluator2,-1,rowling.appraise_t3,-1
3,35,rowling.appraise_t1,-1,-1,-1,2,35,evaluator1,-1,rowling.appraise_t3,-1
3,35,rowling.appraise_t2,-1,-1,-1,1,35,evaluator1,-1,rowling.appraise_t3,-1
3,36,rowling.appraise_t1,-1,-1,-1,2,36,evaluator2,-1,rowling.appraise_t2,-1
1,36,rowling.appraise_t2,-1,-1,-1,3,36,evaluator2,-1,rowling.appraise_t3,-1
2,36,rowling.appraise_t1,-1,-1,-1,1,36,evaluator1,-1,rowling.appraise_t2,-1
1,36,rowling.appraise_t1,-1,-1,-1,1,36,evaluator1,-1,rowling.appraise_t3,-1
1,36,rowling.appraise_t2,-1,-1,-1,2,36,evaluator1,-1,rowling.appraise_t3,-1
2,37,rowling.appraise_t1,-1,-1,-1,2,37,evaluator2,-1,rowling.appraise_t2,-1
1,37,rowling.appraise_t2,-1,-1,-1,2,37,evaluator2,-1,rowling.appraise_t3,-1
2,37,rowling.appraise_t1,-1,-1,-1,1,37,evaluator1,-1,rowling.appraise_t2,-1
2,37,rowling.appraise_t1,-1,-1,-1,1,37,evaluator1,-1,rowling.appraise_t3,-1
2,37,rowling.appraise_t2,-1,-1,-1,2,37,evaluator1,-1,rowling.appraise_t3,-1
1,38,rowling.appraise_t1,-1,-1,-1,1,38,evaluator2,-1,rowling.appraise_t2,-1
2,38,rowling.appraise_t1,-1,-1,-1,1,38,evaluator2,-1,rowling.appraise_t3,-1
2,38,rowling.appraise_t2,-1,-1,-1,1,38,evaluator2,-1,rowling.appraise_t3,-1
1,38,rowling.appraise_t1,-1,-1,-1,1,38,evaluator1,-1,rowling.appraise_t2,-1
2,38,rowling.appraise_t1,-1,-1,-1,1,38,evaluator1,-1,rowling.appraise_t3,-1
2,38,rowling.appraise_t2,-1,-1,-1,1,38,evaluator1,-1,rowling.appraise_t3,-1
3,39,rowling.appraise_t1,-1,-1,-1,1,39,evaluator2,-1,rowling.appraise_t2,-1
2,39,rowling.appraise_t1,-1,-1,-1,1,39,evaluator2,-1,rowling.appraise_t3,-1
2,39,rowling.appraise_t2,-1,-1,-1,3,39,evaluator2,-1,rowling.appraise_t3,-1
3,39,rowling.appraise_t1,-1,-1,-1,2,39,evaluator1,-1,rowling.appraise_t2,-1
1,39,rowling.appraise_t2,-1,-1,-1,3,39,evaluator1,-1,rowling.appraise_t3,-1
3,40,rowling.appraise_t1,-1,-1,-1,2,40,evaluator2,-1,rowling.appraise_t2,-1
1,40,rowling.appraise_t2,-1,-1,-1,3,40,evaluator2,-1,rowling.appraise_t3,-1
2,40,rowling.appraise_t1,-1,-1,-1,1,40,evaluator1,-1,rowling.appraise_t2,-1
1,40,rowling.appraise_t1,-1,-1,-1,1,40,evaluator1,-1,rowling.appraise_t3,-1
1,40,rowling.appraise_t2,-1,-1,-1,2,40,evaluator1,-1,rowling.appraise_t3,-1
3,41,rowling.appraise_t1,-1,-1,-1,2,41,evaluator2,-1,rowling.appraise_t3,-1
3,41,rowling.appraise_t2,-1,-1,-1,1,41,evaluator2,-1,rowling.appraise_t3,-1
2,41,rowling.appraise_t1,-1,-1,-1,1,41,evaluator1,-1,rowling.appraise_t2,-1
2,41,rowling.appraise_t1,-1,-1,-1,1,41,evaluator1,-1,rowling.appraise_t3,-1
2,41,rowling.appraise_t2,-1,-1,-1,2,41,evaluator1,-1,rowling.appraise_t3,-1
3,42,rowling.appraise_t1,-1,-1,-1,1,42,evaluator2,-1,rowling.appraise_t2,-1
2,42,rowling.appraise_t1,-1,-1,-1,1,42,evaluator2,-1,rowling.appraise_t3,-1
2,42,rowling.appraise_t2,-1,-1,-1,3,42,evaluator2,-1,rowling.appraise_t3,-1
3,42,rowling.appraise_t1,-1,-1,-1,2,42,evaluator1,-1,rowling.appraise_t2,-1
1,42,rowling.appraise_t2,-1,-1,-1,3,42,evaluator1,-1,rowling.appraise_t3,-1
2,43,rowling.appraise_t1,-1,-1,-1,1,43,evaluator2,-1,rowling.appraise_t2,-1
1,43,rowling.appraise_t1,-1,-1,-1,1,43,evaluator2,-1,rowling.appraise_t3,-1
1,43,rowling.appraise_t2,-1,-1,-1,2,43,evaluator2,-1,rowling.appraise_t3,-1
2,43,rowling.appraise_t1,-1,-1,-1,1,43,evaluator1,-1,rowling.appraise_t2,-1
1,43,rowling.appraise_t1,-1,-1,-1,1,43,evaluator1,-1,rowling.appraise_t3,-1
1,43,rowling.appraise_t2,-1,-1,-1,2,43,evaluator1,-1,rowling.appraise_t3,-1
1,44,rowling.appraise_t2,-1,-1,-1,2,44,evaluator2,-1,rowling.appraise_t3,-1
1,44,rowling.appraise_t2,-1,-1,-1,2,44,evaluator1,-1,rowling.appraise_t3,-1
2,45,rowling.appraise_t1,-1,-1,-1,1,45,evaluator2,-1,rowling.appraise_t2,-1
2,45,rowling.appraise_t1,-1,-1,-1,1,45,evaluator2,-1,rowling.appraise_t3,-1
2,45,rowling.appraise_t2,-1,-1,-1,2,45,evaluator2,-1,rowling.appraise_t3,-1
2,45,rowling.appraise_t1,-1,-1,-1,1,45,evaluator1,-1,rowling.appraise_t2,-1
2,45,rowling.appraise_t1,-1,-1,-1,1,45,evaluator1,-1,rowling.appraise_t3,-1
2,45,rowling.appraise_t2,-1,-1,-1,2,45,evaluator1,-1,rowling.appraise_t3,-1
3,46,rowling.appraise_t1,-1,-1,-1,2,46,evaluator2,-1,rowling.appraise_t2,-1
1,46,rowling.appraise_t2,-1,-1,-1,3,46,evaluator2,-1,rowling.appraise_t3,-1
2,46,rowling.appraise_t1,-1,-1,-1,1,46,evaluator1,-1,rowling.appraise_t2,-1
1,46,rowling.appraise_t1,-1,-1,-1,1,46,evaluator1,-1,rowling.appraise_t3,-1
1,46,rowling.appraise_t2,-1,-1,-1,2,46,evaluator1,-1,rowling.appraise_t3,-1
1,47,rowling.appraise_t1,-1,-1,-1,1,47,evaluator2,-1,rowling.appraise_t2,-1
1,47,rowling.appraise_t1,-1,-1,-1,1,47,evaluator2,-1,rowling.appraise_t3,-1
1,47,rowling.appraise_t2,-1,-1,-1,1,47,evaluator2,-1,rowling.appraise_t3,-1
1,47,rowling.appraise_t1,-1,-1,-1,1,47,evaluator1,-1,rowling.appraise_t2,-1
1,47,rowling.appraise_t1,-1,-1,-1,1,47,evaluator1,-1,rowling.appraise_t3,-1
1,47,rowling.appraise_t2,-1,-1,-1,1,47,evaluator1,-1,rowling.appraise_t3,-1
2,48,rowling.appraise_t1,-1,-1,-1,1,48,evaluator2,-1,rowling.appraise_t2,-1
2,48,rowling.appraise_t1,-1,-1,-1,1,48,evaluator2,-1,rowling.appraise_t3,-1
2,48,rowling.appraise_t2,-1,-1,-1,2,48,evaluator2,-1,rowling.appraise_t3,-1
1,48,rowling.appraise_t2,-1,-1,-1,2,48,evaluator1,-1,rowling.appraise_t3,-1
1,49,rowling.appraise_t1,-1,-1,-1,1,49,evaluator2,-1,rowling.appraise_t2,-1
1,49,rowling.appraise_t1,-1,-1,-1,1,49,evaluator2,-1,rowling.appraise_t3,-1
1,49,rowling.appraise_t2,-1,-1,-1,1,49,evaluator2,-1,rowling.appraise_t3,-1
2,49,rowling.appraise_t1,-1,-1,-1,1,49,evaluator1,-1,rowling.appraise_t2,-1
2,49,rowling.appraise_t1,-1,-1,-1,1,49,evaluator1,-1,rowling.appraise_t3,-1
2,49,rowling.appraise_t2,-1,-1,-1,2,49,evaluator1,-1,rowling.appraise_t3,-1
2,50,rowling.appraise_t1,-1,-1,-1,1,50,evaluator2,-1,rowling.appraise_t2,-1
3,50,rowling.appraise_t1,-1,-1,-1,1,50,evaluator2,-1,rowling.appraise_t3,-1
3,50,rowling.appraise_t2,-1,-1,-1,2,50,evaluator2,-1,rowling.appraise_t3,-1
2,50,rowling.appraise_t1,-1,-1,-1,1,50,evaluator1,-1,rowling.appraise_t2,-1
3,50,rowling.appraise_t1,-1,-1,-1,1,50,evaluator1,-1,rowling.appraise_t3,-1
3,50,rowling.appraise_t2,-1,-1,-1,2,50,evaluator1,-1,rowling.appraise_t3,-1
3,51,rowling.appraise_t1,-1,-1,-1,2,51,evaluator2,-1,rowling.appraise_t2,-1
1,51,rowling.appraise_t2,-1,-1,-1,3,51,evaluator2,-1,rowling.appraise_t3,-1
1,52,rowling.appraise_t2,-1,-1,-1,2,52,evaluator1,-1,rowling.appraise_t3,-1
3,52,rowling.appraise_t1,-1,-1,-1,1,52,evaluator2,-1,rowling.appraise_t2,-1
2,52,rowling.appraise_t1,-1,-1,-1,1,52,evaluator2,-1,rowling.appraise_t3,-1
2,52,rowling.appraise_t2,-1,-1,-1,3,52,evaluator2,-1,rowling.appraise_t3,-1
2,53,rowling.appraise_t1,-1,-1,-1,2,53,evaluator1,-1,rowling.appraise_t3,-1
2,53,rowling.appraise_t2,-1,-1,-1,1,53,evaluator1,-1,rowling.appraise_t3,-1
2,53,rowling.appraise_t1,-1,-1,-1,1,53,evaluator2,-1,rowling.appraise_t2,-1
3,53,rowling.appraise_t1,-1,-1,-1,1,53,evaluator2,-1,rowling.appraise_t3,-1
3,53,rowling.appraise_t2,-1,-1,-1,2,53,evaluator2,-1,rowling.appraise_t3,-1
2,54,rowling.appraise_t1,-1,-1,-1,1,54,evaluator1,-1,rowling.appraise_t2,-1
2,54,rowling.appraise_t1,-1,-1,-1,1,54,evaluator1,-1,rowling.appraise_t3,-1
2,54,rowling.appraise_t2,-1,-1,-1,2,54,evaluator1,-1,rowling.appraise_t3,-1
2,54,rowling.appraise_t1,-1,-1,-1,1,54,evaluator2,-1,rowling.appraise_t2,-1
2,54,rowling.appraise_t1,-1,-1,-1,1,54,evaluator2,-1,rowling.appraise_t3,-1
2,54,rowling.appraise_t2,-1,-1,-1,2,54,evaluator2,-1,rowling.appraise_t3,-1
3,55,rowling.appraise_t1,-1,-1,-1,1,55,evaluator2,-1,rowling.appraise_t2,-1
2,55,rowling.appraise_t1,-1,-1,-1,1,55,evaluator2,-1,rowling.appraise_t3,-1
2,55,rowling.appraise_t2,-1,-1,-1,3,55,evaluator2,-1,rowling.appraise_t3,-1
2,56,rowling.appraise_t1,-1,-1,-1,2,56,evaluator1,-1,rowling.appraise_t2,-1
1,56,rowling.appraise_t2,-1,-1,-1,2,56,evaluator1,-1,rowling.appraise_t3,-1
3,56,rowling.appraise_t1,-1,-1,-1,1,56,evaluator2,-1,rowling.appraise_t2,-1
2,56,rowling.appraise_t1,-1,-1,-1,1,56,evaluator2,-1,rowling.appraise_t3,-1
2,56,rowling.appraise_t2,-1,-1,-1,3,56,evaluator2,-1,rowling.appraise_t3,-1
3,57,rowling.appraise_t1,-1,-1,-1,1,57,evaluator1,-1,rowling.appraise_t2,-1
2,57,rowling.appraise_t1,-1,-1,-1,1,57,evaluator1,-1,rowling.appraise_t3,-1
2,57,rowling.appraise_t2,-1,-1,-1,3,57,evaluator1,-1,rowling.appraise_t3,-1
3,57,rowling.appraise_t1,-1,-1,-1,1,57,evaluator2,-1,rowling.appraise_t2,-1
2,57,rowling.appraise_t1,-1,-1,-1,1,57,evaluator2,-1,rowling.appraise_t3,-1
2,57,rowling.appraise_t2,-1,-1,-1,3,57,evaluator2,-1,rowling.appraise_t3,-1
2,58,rowling.appraise_t1,-1,-1,-1,1,58,evaluator1,-1,rowling.appraise_t2,-1
2,58,rowling.appraise_t1,-1,-1,-1,1,58,evaluator1,-1,rowling.appraise_t3,-1
2,58,rowling.appraise_t2,-1,-1,-1,2,58,evaluator1,-1,rowling.appraise_t3,-1
2,58,rowling.appraise_t1,-1,-1,-1,1,58,evaluator2,-1,rowling.appraise_t2,-1
3,58,rowling.appraise_t1,-1,-1,-1,1,58,evaluator2,-1,rowling.appraise_t3,-1
3,58,rowling.appraise_t2,-1,-1,-1,2,58,evaluator2,-1,rowling.appraise_t3,-1
2,59,rowling.appraise_t1,-1,-1,-1,1,59,evaluator1,-1,rowling.appraise_t2,-1
2,59,rowling.appraise_t1,-1,-1,-1,1,59,evaluator1,-1,rowling.appraise_t3,-1
2,59,rowling.appraise_t2,-1,-1,-1,2,59,evaluator1,-1,rowling.appraise_t3,-1
3,59,rowling.appraise_t1,-1,-1,-1,2,59,evaluator2,-1,rowling.appraise_t2,-1
1,59,rowling.appraise_t2,-1,-1,-1,3,59,evaluator2,-1,rowling.appraise_t3,-1
2,60,rowling.appraise_t1,-1,-1,-1,1,60,evaluator1,-1,rowling.appraise_t2,-1
1,60,rowling.appraise_t1,-1,-1,-1,1,60,evaluator1,-1,rowling.appraise_t3,-1
1,60,rowling.appraise_t2,-1,-1,-1,2,60,evaluator1,-1,rowling.appraise_t3,-1
2,60,rowling.appraise_t1,-1,-1,-1,1,60,evaluator2,-1,rowling.appraise_t2,-1
1,60,rowling.appraise_t1,-1,-1,-1,1,60,evaluator2,-1,rowling.appraise_t3,-1
1,60,rowling.appraise_t2,-1,-1,-1,2,60,evaluator2,-1,rowling.appraise_t3,-1
3,61,rowling.appraise_t1,-1,-1,-1,2,61,evaluator1,-1,rowling.appraise_t2,-1
1,61,rowling.appraise_t2,-1,-1,-1,3,61,evaluator1,-1,rowling.appraise_t3,-1
1,61,rowling.appraise_t2,-1,-1,-1,2,61,evaluator2,-1,rowling.appraise_t3,-1
1,62,rowling.appraise_t1,-1,-1,-1,1,62,evaluator1,-1,rowling.appraise_t2,-1
1,62,rowling.appraise_t1,-1,-1,-1,1,62,evaluator1,-1,rowling.appraise_t3,-1
1,62,rowling.appraise_t2,-1,-1,-1,1,62,evaluator1,-1,rowling.appraise_t3,-1
1,62,rowling.appraise_t1,-1,-1,-1,1,62,evaluator2,-1,rowling.appraise_t2,-1
1,62,rowling.appraise_t1,-1,-1,-1,1,62,evaluator2,-1,rowling.appraise_t3,-1
1,62,rowling.appraise_t2,-1,-1,-1,1,62,evaluator2,-1,rowling.appraise_t3,-1
2,63,rowling.appraise_t1,-1,-1,-1,2,63,evaluator1,-1,rowling.appraise_t2,-1
1,63,rowling.appraise_t2,-1,-1,-1,2,63,evaluator1,-1,rowling.appraise_t3,-1
3,63,rowling.appraise_t1,-1,-1,-1,1,63,evaluator2,-1,rowling.appraise_t2,-1
2,63,rowling.appraise_t1,-1,-1,-1,1,63,evaluator2,-1,rowling.appraise_t3,-1
2,63,rowling.appraise_t2,-1,-1,-1,3,63,evaluator2,-1,rowling.appraise_t3,-1
1,64,rowling.appraise_t1,-1,-1,-1,1,64,evaluator1,-1,rowling.appraise_t2,-1
2,64,rowling.appraise_t1,-1,-1,-1,1,64,evaluator1,-1,rowling.appraise_t3,-1
2,64,rowling.appraise_t2,-1,-1,-1,1,64,evaluator1,-1,rowling.appraise_t3,-1
2,64,rowling.appraise_t1,-1,-1,-1,1,64,evaluator2,-1,rowling.appraise_t2,-1
3,64,rowling.appraise_t1,-1,-1,-1,1,64,evaluator2,-1,rowling.appraise_t3,-1
3,64,rowling.appraise_t2,-1,-1,-1,2,64,evaluator2,-1,rowling.appraise_t3,-1
2,65,rowling.appraise_t1,-1,-1,-1,1,65,evaluator1,-1,rowling.appraise_t2,-1
2,65,rowling.appraise_t1,-1,-1,-1,1,65,evaluator1,-1,rowling.appraise_t3,-1
2,65,rowling.appraise_t2,-1,-1,-1,2,65,evaluator1,-1,rowling.appraise_t3,-1
2,65,rowling.appraise_t1,-1,-1,-1,1,65,evaluator2,-1,rowling.appraise_t2,-1
2,65,rowling.appraise_t1,-1,-1,-1,1,65,evaluator2,-1,rowling.appraise_t3,-1
2,65,rowling.appraise_t2,-1,-1,-1,2,65,evaluator2,-1,rowling.appraise_t3,-1
2,66,rowling.appraise_t1,-1,-1,-1,1,66,evaluator1,-1,rowling.appraise_t2,-1
2,66,rowling.appraise_t1,-1,-1,-1,1,66,evaluator1,-1,rowling.appraise_t3,-1
2,66,rowling.appraise_t2,-1,-1,-1,2,66,evaluator1,-1,rowling.appraise_t3,-1
3,66,rowling.appraise_t1,-1,-1,-1,1,66,evaluator2,-1,rowling.appraise_t2,-1
2,66,rowling.appraise_t1,-1,-1,-1,1,66,evaluator2,-1,rowling.appraise_t3,-1
2,66,rowling.appraise_t2,-1,-1,-1,3,66,evaluator2,-1,rowling.appraise_t3,-1
2,67,rowling.appraise_t1,-1,-1,-1,1,67,evaluator1,-1,rowling.appraise_t2,-1
2,67,rowling.appraise_t1,-1,-1,-1,1,67,evaluator1,-1,rowling.appraise_t3,-1
2,67,rowling.appraise_t2,-1,-1,-1,2,67,evaluator1,-1,rowling.appraise_t3,-1
3,67,rowling.appraise_t1,-1,-1,-1,2,67,evaluator2,-1,rowling.appraise_t2,-1
1,67,rowling.appraise_t2,-1,-1,-1,3,67,evaluator2,-1,rowling.appraise_t3,-1
3,68,rowling.appraise_t1,-1,-1,-1,1,68,evaluator1,-1,rowling.appraise_t2,-1
2,68,rowling.appraise_t1,-1,-1,-1,1,68,evaluator1,-1,rowling.appraise_t3,-1
2,68,rowling.appraise_t2,-1,-1,-1,3,68,evaluator1,-1,rowling.appraise_t3,-1
2,68,rowling.appraise_t1,-1,-1,-1,1,68,evaluator2,-1,rowling.appraise_t2,-1
2,68,rowling.appraise_t1,-1,-1,-1,1,68,evaluator2,-1,rowling.appraise_t3,-1
2,68,rowling.appraise_t2,-1,-1,-1,2,68,evaluator2,-1,rowling.appraise_t3,-1
2,69,rowling.appraise_t1,-1,-1,-1,1,69,evaluator1,-1,rowling.appraise_t2,-1
2,69,rowling.appraise_t1,-1,-1,-1,1,69,evaluator1,-1,rowling.appraise_t3,-1
2,69,rowling.appraise_t2,-1,-1,-1,2,69,evaluator1,-1,rowling.appraise_t3,-1
3,69,rowling.appraise_t1,-1,-1,-1,1,69,evaluator2,-1,rowling.appraise_t2,-1
2,69,rowling.appraise_t1,-1,-1,-1,1,69,evaluator2,-1,rowling.appraise_t3,-1
2,69,rowling.appraise_t2,-1,-1,-1,3,69,evaluator2,-1,rowling.appraise_t3,-1
2,70,rowling.appraise_t1,-1,-1,-1,1,70,evaluator1,-1,rowling.appraise_t2,-1
2,70,rowling.appraise_t1,-1,-1,-1,1,70,evaluator1,-1,rowling.appraise_t3,-1
2,70,rowling.appraise_t2,-1,-1,-1,2,70,evaluator1,-1,rowling.appraise_t3,-1
3,70,rowling.appraise_t1,-1,-1,-1,1,70,evaluator2,-1,rowling.appraise_t2,-1
2,70,rowling.appraise_t1,-1,-1,-1,1,70,evaluator2,-1,rowling.appraise_t3,-1
2,70,rowling.appraise_t2,-1,-1,-1,3,70,evaluator2,-1,rowling.appraise_t3,-1
1,71,rowling.appraise_t1,-1,-1,-1,1,71,evaluator1,-1,rowling.appraise_t2,-1
1,71,rowling.appraise_t1,-1,-1,-1,1,71,evaluator1,-1,rowling.appraise_t3,-1
1,71,rowling.appraise_t2,-1,-1,-1,1,71,evaluator1,-1,rowling.appraise_t3,-1
1,71,rowling.appraise_t1,-1,-1,-1,1,71,evaluator2,-1,rowling.appraise_t2,-1
1,71,rowling.appraise_t1,-1,-1,-1,1,71,evaluator2,-1,rowling.appraise_t3,-1
1,71,rowling.appraise_t2,-1,-1,-1,1,71,evaluator2,-1,rowling.appraise_t3,-1
2,72,rowling.appraise_t1,-1,-1,-1,1,72,evaluator1,-1,rowling.appraise_t2,-1
1,72,rowling.appraise_t1,-1,-1,-1,1,72,evaluator1,-1,rowling.appraise_t3,-1
1,72,rowling.appraise_t2,-1,-1,-1,2,72,evaluator1,-1,rowling.appraise_t3,-1
3,72,rowling.appraise_t1,-1,-1,-1,2,72,evaluator2,-1,rowling.appraise_t2,-1
1,72,rowling.appraise_t2,-1,-1,-1,3,72,evaluator2,-1,rowling.appraise_t3,-1
1,73,rowling.appraise_t2,-1,-1,-1,1,73,evaluator1,-1,rowling.appraise_t3,-1
1,73,rowling.appraise_t1,-1,-1,-1,1,73,evaluator2,-1,rowling.appraise_t2,-1
1,73,rowling.appraise_t1,-1,-1,-1,1,73,evaluator2,-1,rowling.appraise_t3,-1
1,73,rowling.appraise_t2,-1,-1,-1,1,73,evaluator2,-1,rowling.appraise_t3,-1
1,74,rowling.appraise_t1,-1,-1,-1,1,74,evaluator1,-1,rowling.appraise_t2,-1
2,74,rowling.appraise_t1,-1,-1,-1,1,74,evaluator1,-1,rowling.appraise_t3,-1
2,74,rowling.appraise_t2,-1,-1,-1,1,74,evaluator1,-1,rowling.appraise_t3,-1
3,74,rowling.appraise_t1,-1,-1,-1,2,74,evaluator2,-1,rowling.appraise_t2,-1
1,74,rowling.appraise_t2,-1,-1,-1,3,74,evaluator2,-1,rowling.appraise_t3,-1
2,75,rowling.appraise_t1,-1,-1,-1,1,75,evaluator1,-1,rowling.appraise_t2,-1
1,75,rowling.appraise_t1,-1,-1,-1,1,75,evaluator1,-1,rowling.appraise_t3,-1
1,75,rowling.appraise_t2,-1,-1,-1,2,75,evaluator1,-1,rowling.appraise_t3,-1
3,75,rowling.appraise_t1,-1,-1,-1,1,75,evaluator2,-1,rowling.appraise_t2,-1
2,75,rowling.appraise_t1,-1,-1,-1,1,75,evaluator2,-1,rowling.appraise_t3,-1
2,75,rowling.appraise_t2,-1,-1,-1,3,75,evaluator2,-1,rowling.appraise_t3,-1
2,76,rowling.appraise_t1,-1,-1,-1,2,76,evaluator1,-1,rowling.appraise_t3,-1
2,76,rowling.appraise_t2,-1,-1,-1,1,76,evaluator1,-1,rowling.appraise_t3,-1
3,76,rowling.appraise_t1,-1,-1,-1,1,76,evaluator2,-1,rowling.appraise_t2,-1
2,76,rowling.appraise_t1,-1,-1,-1,1,76,evaluator2,-1,rowling.appraise_t3,-1
2,76,rowling.appraise_t2,-1,-1,-1,3,76,evaluator2,-1,rowling.appraise_t3,-1
2,77,rowling.appraise_t1,-1,-1,-1,1,77,evaluator1,-1,rowling.appraise_t2,-1
3,77,rowling.appraise_t1,-1,-1,-1,1,77,evaluator1,-1,rowling.appraise_t3,-1
3,77,rowling.appraise_t2,-1,-1,-1,2,77,evaluator1,-1,rowling.appraise_t3,-1
2,77,rowling.appraise_t1,-1,-1,-1,1,77,evaluator2,-1,rowling.appraise_t2,-1
3,77,rowling.appraise_t1,-1,-1,-1,1,77,evaluator2,-1,rowling.appraise_t3,-1
3,77,rowling.appraise_t2,-1,-1,-1,2,77,evaluator2,-1,rowling.appraise_t3,-1
3,78,rowling.appraise_t1,-1,-1,-1,2,78,evaluator1,-1,rowling.appraise_t2,-1
1,78,rowling.appraise_t2,-1,-1,-1,3,78,evaluator1,-1,rowling.appraise_t3,-1
3,78,rowling.appraise_t1,-1,-1,-1,2,78,evaluator2,-1,rowling.appraise_t2,-1
1,78,rowling.appraise_t2,-1,-1,-1,3,78,evaluator2,-1,rowling.appraise_t3,-1
1,79,rowling.appraise_t1,-1,-1,-1,1,79,evaluator1,-1,rowling.appraise_t2,-1
2,79,rowling.appraise_t1,-1,-1,-1,1,79,evaluator1,-1,rowling.appraise_t3,-1
2,79,rowling.appraise_t2,-1,-1,-1,1,79,evaluator1,-1,rowling.appraise_t3,-1
3,79,rowling.appraise_t1,-1,-1,-1,2,79,evaluator2,-1,rowling.appraise_t3,-1
3,79,rowling.appraise_t2,-1,-1,-1,1,79,evaluator2,-1,rowling.appraise_t3,-1
1,80,rowling.appraise_t2,-1,-1,-1,1,80,evaluator1,-1,rowling.appraise_t3,-1
2,80,rowling.appraise_t1,-1,-1,-1,1,80,evaluator2,-1,rowling.appraise_t2,-1
2,80,rowling.appraise_t1,-1,-1,-1,1,80,evaluator2,-1,rowling.appraise_t3,-1
2,80,rowling.appraise_t2,-1,-1,-1,2,80,evaluator2,-1,rowling.appraise_t3,-1
3,81,rowling.appraise_t1,-1,-1,-1,2,81,evaluator1,-1,rowling.appraise_t2,-1
1,81,rowling.appraise_t2,-1,-1,-1,3,81,evaluator1,-1,rowling.appraise_t3,-1
3,81,rowling.appraise_t1,-1,-1,-1,1,81,evaluator2,-1,rowling.appraise_t2,-1
2,81,rowling.appraise_t1,-1,-1,-1,1,81,evaluator2,-1,rowling.appraise_t3,-1
2,81,rowling.appraise_t2,-1,-1,-1,3,81,evaluator2,-1,rowling.appraise_t3,-1
1,82,rowling.appraise_t1,-1,-1,-1,1,82,evaluator1,-1,rowling.appraise_t2,-1
2,82,rowling.appraise_t1,-1,-1,-1,1,82,evaluator1,-1,rowling.appraise_t3,-1
2,82,rowling.appraise_t2,-1,-1,-1,1,82,evaluator1,-1,rowling.appraise_t3,-1
2,82,rowling.appraise_t1,-1,-1,-1,1,82,evaluator2,-1,rowling.appraise_t2,-1
3,82,rowling.appraise_t1,-1,-1,-1,1,82,evaluator2,-1,rowling.appraise_t3,-1
3,82,rowling.appraise_t2,-1,-1,-1,2,82,evaluator2,-1,rowling.appraise_t3,-1
2,83,rowling.appraise_t1,-1,-1,-1,1,83,evaluator1,-1,rowling.appraise_t2,-1
2,83,rowling.appraise_t1,-1,-1,-1,1,83,evaluator1,-1,rowling.appraise_t3,-1
2,83,rowling.appraise_t2,-1,-1,-1,2,83,evaluator1,-1,rowling.appraise_t3,-1
3,83,rowling.appraise_t1,-1,-1,-1,1,83,evaluator2,-1,rowling.appraise_t2,-1
2,83,rowling.appraise_t1,-1,-1,-1,1,83,evaluator2,-1,rowling.appraise_t3,-1
2,83,rowling.appraise_t2,-1,-1,-1,3,83,evaluator2,-1,rowling.appraise_t3,-1
2,84,rowling.appraise_t1,-1,-1,-1,1,84,evaluator1,-1,rowling.appraise_t2,-1
3,84,rowling.appraise_t1,-1,-1,-1,1,84,evaluator1,-1,rowling.appraise_t3,-1
3,84,rowling.appraise_t2,-1,-1,-1,2,84,evaluator1,-1,rowling.appraise_t3,-1
2,84,rowling.appraise_t1,-1,-1,-1,1,84,evaluator2,-1,rowling.appraise_t2,-1
3,84,rowling.appraise_t1,-1,-1,-1,1,84,evaluator2,-1,rowling.appraise_t3,-1
3,84,rowling.appraise_t2,-1,-1,-1,2,84,evaluator2,-1,rowling.appraise_t3,-1
1,85,rowling.appraise_t1,-1,-1,-1,1,85,evaluator1,-1,rowling.appraise_t2,-1
2,85,rowling.appraise_t1,-1,-1,-1,1,85,evaluator1,-1,rowling.appraise_t3,-1
2,85,rowling.appraise_t2,-1,-1,-1,1,85,evaluator1,-1,rowling.appraise_t3,-1
3,85,rowling.appraise_t1,-1,-1,-1,2,85,evaluator2,-1,rowling.appraise_t3,-1
3,85,rowling.appraise_t2,-1,-1,-1,1,85,evaluator2,-1,rowling.appraise_t3,-1
2,86,rowling.appraise_t1,-1,-1,-1,2,86,evaluator1,-1,rowling.appraise_t3,-1
2,86,rowling.appraise_t2,-1,-1,-1,1,86,evaluator1,-1,rowling.appraise_t3,-1
2,86,rowling.appraise_t1,-1,-1,-1,1,86,evaluator2,-1,rowling.appraise_t2,-1
1,86,rowling.appraise_t1,-1,-1,-1,1,86,evaluator2,-1,rowling.appraise_t3,-1
1,86,rowling.appraise_t2,-1,-1,-1,2,86,evaluator2,-1,rowling.appraise_t3,-1
2,87,rowling.appraise_t1,-1,-1,-1,1,87,evaluator1,-1,rowling.appraise_t2,-1
1,87,rowling.appraise_t1,-1,-1,-1,1,87,evaluator1,-1,rowling.appraise_t3,-1
1,87,rowling.appraise_t2,-1,-1,-1,2,87,evaluator1,-1,rowling.appraise_t3,-1
3,87,rowling.appraise_t1,-1,-1,-1,1,87,evaluator2,-1,rowling.appraise_t2,-1
2,87,rowling.appraise_t1,-1,-1,-1,1,87,evaluator2,-1,rowling.appraise_t3,-1
2,87,rowling.appraise_t2,-1,-1,-1,3,87,evaluator2,-1,rowling.appraise_t3,-1
2,88,rowling.appraise_t1,-1,-1,-1,1,88,evaluator1,-1,rowling.appraise_t2,-1
2,88,rowling.appraise_t1,-1,-1,-1,1,88,evaluator1,-1,rowling.appraise_t3,-1
2,88,rowling.appraise_t2,-1,-1,-1,2,88,evaluator1,-1,rowling.appraise_t3,-1
2,88,rowling.appraise_t1,-1,-1,-1,1,88,evaluator2,-1,rowling.appraise_t2,-1
2,88,rowling.appraise_t1,-1,-1,-1,1,88,evaluator2,-1,rowling.appraise_t3,-1
2,88,rowling.appraise_t2,-1,-1,-1,2,88,evaluator2,-1,rowling.appraise_t3,-1
2,89,rowling.appraise_t1,-1,-1,-1,2,89,evaluator1,-1,rowling.appraise_t2,-1
1,89,rowling.appraise_t2,-1,-1,-1,2,89,evaluator1,-1,rowling.appraise_t3,-1
1,89,rowling.appraise_t2,-1,-1,-1,2,89,evaluator2,-1,rowling.appraise_t3,-1
3,90,rowling.appraise_t1,-1,-1,-1,2,90,evaluator1,-1,rowling.appraise_t2,-1
1,90,rowling.appraise_t2,-1,-1,-1,3,90,evaluator1,-1,rowling.appraise_t3,-1
2,90,rowling.appraise_t1,-1,-1,-1,1,90,evaluator2,-1,rowling.appraise_t2,-1
2,90,rowling.appraise_t1,-1,-1,-1,1,90,evaluator2,-1,rowling.appraise_t3,-1
2,90,rowling.appraise_t2,-1,-1,-1,2,90,evaluator2,-1,rowling.appraise_t3,-1
1,91,rowling.appraise_t1,-1,-1,-1,1,91,evaluator1,-1,rowling.appraise_t2,-1
1,91,rowling.appraise_t1,-1,-1,-1,1,91,evaluator1,-1,rowling.appraise_t3,-1
1,91,rowling.appraise_t2,-1,-1,-1,1,91,evaluator1,-1,rowling.appraise_t3,-1
1,91,rowling.appraise_t1,-1,-1,-1,1,91,evaluator2,-1,rowling.appraise_t2,-1
1,91,rowling.appraise_t1,-1,-1,-1,1,91,evaluator2,-1,rowling.appraise_t3,-1
1,91,rowling.appraise_t2,-1,-1,-1,1,91,evaluator2,-1,rowling.appraise_t3,-1
1,92,rowling.appraise_t1,-1,-1,-1,1,92,evaluator1,-1,rowling.appraise_t2,-1
1,92,rowling.appraise_t1,-1,-1,-1,1,92,evaluator1,-1,rowling.appraise_t3,-1
1,92,rowling.appraise_t2,-1,-1,-1,1,92,evaluator1,-1,rowling.appraise_t3,-1
1,92,rowling.appraise_t1,-1,-1,-1,1,92,evaluator2,-1,rowling.appraise_t2,-1
1,92,rowling.appraise_t1,-1,-1,-1,1,92,evaluator2,-1,rowling.appraise_t3,-1
1,92,rowling.appraise_t2,-1,-1,-1,1,92,evaluator2,-1,rowling.appraise_t3,-1
1,93,rowling.appraise_t1,-1,-1,-1,1,93,evaluator1,-1,rowling.appraise_t2,-1
1,93,rowling.appraise_t1,-1,-1,-1,1,93,evaluator1,-1,rowling.appraise_t3,-1
1,93,rowling.appraise_t2,-1,-1,-1,1,93,evaluator1,-1,rowling.appraise_t3,-1
1,93,rowling.appraise_t1,-1,-1,-1,1,93,evaluator2,-1,rowling.appraise_t2,-1
1,93,rowling.appraise_t1,-1,-1,-1,1,93,evaluator2,-1,rowling.appraise_t3,-1
1,93,rowling.appraise_t2,-1,-1,-1,1,93,evaluator2,-1,rowling.appraise_t3,-1
1,94,rowling.appraise_t1,-1,-1,-1,1,94,evaluator1,-1,rowling.appraise_t2,-1
1,94,rowling.appraise_t1,-1,-1,-1,1,94,evaluator1,-1,rowling.appraise_t3,-1
1,94,rowling.appraise_t2,-1,-1,-1,1,94,evaluator1,-1,rowling.appraise_t3,-1
1,94,rowling.appraise_t1,-1,-1,-1,1,94,evaluator2,-1,rowling.appraise_t2,-1
1,94,rowling.appraise_t1,-1,-1,-1,1,94,evaluator2,-1,rowling.appraise_t3,-1
1,94,rowling.appraise_t2,-1,-1,-1,1,94,evaluator2,-1,rowling.appraise_t3,-1
1,95,rowling.appraise_t1,-1,-1,-1,1,95,evaluator1,-1,rowling.appraise_t2,-1
1,95,rowling.appraise_t1,-1,-1,-1,1,95,evaluator1,-1,rowling.appraise_t3,-1
1,95,rowling.appraise_t2,-1,-1,-1,1,95,evaluator1,-1,rowling.appraise_t3,-1
1,95,rowling.appraise_t1,-1,-1,-1,1,95,evaluator2,-1,rowling.appraise_t2,-1
1,95,rowling.appraise_t1,-1,-1,-1,1,95,evaluator2,-1,rowling.appraise_t3,-1
1,95,rowling.appraise_t2,-1,-1,-1,1,95,evaluator2,-1,rowling.appraise_t3,-1
2,96,rowling.appraise_t1,-1,-1,-1,1,96,evaluator1,-1,rowling.appraise_t2,-1
1,96,rowling.appraise_t1,-1,-1,-1,1,96,evaluator1,-1,rowling.appraise_t3,-1
1,96,rowling.appraise_t2,-1,-1,-1,2,96,evaluator1,-1,rowling.appraise_t3,-1
3,96,rowling.appraise_t1,-1,-1,-1,1,96,evaluator2,-1,rowling.appraise_t2,-1
2,96,rowling.appraise_t1,-1,-1,-1,1,96,evaluator2,-1,rowling.appraise_t3,-1
2,96,rowling.appraise_t2,-1,-1,-1,3,96,evaluator2,-1,rowling.appraise_t3,-1
1,97,rowling.appraise_t1,-1,-1,-1,1,97,evaluator1,-1,rowling.appraise_t2,-1
1,97,rowling.appraise_t1,-1,-1,-1,1,97,evaluator1,-1,rowling.appraise_t3,-1
1,97,rowling.appraise_t2,-1,-1,-1,1,97,evaluator1,-1,rowling.appraise_t3,-1
2,97,rowling.appraise_t1,-1,-1,-1,1,97,evaluator2,-1,rowling.appraise_t2,-1
1,97,rowling.appraise_t1,-1,-1,-1,1,97,evaluator2,-1,rowling.appraise_t3,-1
1,97,rowling.appraise_t2,-1,-1,-1,2,97,evaluator2,-1,rowling.appraise_t3,-1
1,98,rowling.appraise_t1,-1,-1,-1,1,98,evaluator1,-1,rowling.appraise_t2,-1
1,98,rowling.appraise_t1,-1,-1,-1,1,98,evaluator1,-1,rowling.appraise_t3,-1
1,98,rowling.appraise_t2,-1,-1,-1,1,98,evaluator1,-1,rowling.appraise_t3,-1
3,98,rowling.appraise_t1,-1,-1,-1,2,98,evaluator2,-1,rowling.appraise_t3,-1
3,98,rowling.appraise_t2,-1,-1,-1,1,98,evaluator2,-1,rowling.appraise_t3,-1
1,99,rowling.appraise_t1,-1,-1,-1,1,99,evaluator1,-1,rowling.appraise_t2,-1
2,99,rowling.appraise_t1,-1,-1,-1,1,99,evaluator1,-1,rowling.appraise_t3,-1
2,99,rowling.appraise_t2,-1,-1,-1,1,99,evaluator1,-1,rowling.appraise_t3,-1
2,99,rowling.appraise_t1,-1,-1,-1,1,99,evaluator2,-1,rowling.appraise_t2,-1
3,99,rowling.appraise_t1,-1,-1,-1,1,99,evaluator2,-1,rowling.appraise_t3,-1
3,99,rowling.appraise_t2,-1,-1,-1,2,99,evaluator2,-1,rowling.appraise_t3,-1
2,100,rowling.appraise_t1,-1,-1,-1,1,100,evaluator1,-1,rowling.appraise_t2,-1
1,100,rowling.appraise_t1,-1,-1,-1,1,100,evaluator1,-1,rowling.appraise_t3,-1
1,100,rowling.appraise_t2,-1,-1,-1,2,100,evaluator1,-1,rowling.appraise_t3,-1
3,100,rowling.appraise_t1,-1,-1,-1,1,100,evaluator2,-1,rowling.appraise_t2,-1
2,100,rowling.appraise_t1,-1,-1,-1,1,100,evaluator2,-1,rowling.appraise_t3,-1
2,100,rowling.appraise_t2,-1,-1,-1,3,100,evaluator2,-1,rowling.appraise_t3,-1
1,101,rowling.appraise_t2,-1,-1,-1,2,101,evaluator2,-1,rowling.appraise_t3,-1
