system2rank,segmentId,system1Id,system2Number,system1Number,trglang,system1rank,srcIndex,judgeID,srclang,system2Id,documentId
2,1,orwell.appraise_t1,-1,-1,-1,1,1,evaluator1,-1,orwell.appraise_t2,-1
2,1,orwell.appraise_t1,-1,-1,-1,1,1,evaluator1,-1,orwell.appraise_t3,-1
2,1,orwell.appraise_t2,-1,-1,-1,2,1,evaluator1,-1,orwell.appraise_t3,-1
3,1,orwell.appraise_t1,-1,-1,-1,1,1,evaluator2,-1,orwell.appraise_t2,-1
2,1,orwell.appraise_t1,-1,-1,-1,1,1,evaluator2,-1,orwell.appraise_t3,-1
2,1,orwell.appraise_t2,-1,-1,-1,3,1,evaluator2,-1,orwell.appraise_t3,-1
2,2,orwell.appraise_t1,-1,-1,-1,1,2,evaluator1,-1,orwell.appraise_t2,-1
2,2,orwell.appraise_t1,-1,-1,-1,1,2,evaluator1,-1,orwell.appraise_t3,-1
2,2,orwell.appraise_t2,-1,-1,-1,2,2,evaluator1,-1,orwell.appraise_t3,-1
3,2,orwell.appraise_t1,-1,-1,-1,1,2,evaluator2,-1,orwell.appraise_t2,-1
2,2,orwell.appraise_t1,-1,-1,-1,1,2,evaluator2,-1,orwell.appraise_t3,-1
2,2,orwell.appraise_t2,-1,-1,-1,3,2,evaluator2,-1,orwell.appraise_t3,-1
3,3,orwell.appraise_t1,-1,-1,-1,1,3,evaluator1,-1,orwell.appraise_t2,-1
2,3,orwell.appraise_t1,-1,-1,-1,1,3,evaluator1,-1,orwell.appraise_t3,-1
2,3,orwell.appraise_t2,-1,-1,-1,3,3,evaluator1,-1,orwell.appraise_t3,-1
2,3,orwell.appraise_t1,-1,-1,-1,1,3,evaluator2,-1,orwell.appraise_t2,-1
2,3,orwell.appraise_t1,-1,-1,-1,1,3,evaluator2,-1,orwell.appraise_t3,-1
2,3,orwell.appraise_t2,-1,-1,-1,2,3,evaluator2,-1,orwell.appraise_t3,-1
2,4,orwell.appraise_t1,-1,-1,-1,1,4,evaluator1,-1,orwell.appraise_t2,-1
1,4,orwell.appraise_t1,-1,-1,-1,1,4,evaluator1,-1,orwell.appraise_t3,-1
1,4,orwell.appraise_t2,-1,-1,-1,2,4,evaluator1,-1,orwell.appraise_t3,-1
3,4,orwell.appraise_t1,-1,-1,-1,1,4,evaluator2,-1,orwell.appraise_t2,-1
2,4,orwell.appraise_t1,-1,-1,-1,1,4,evaluator2,-1,orwell.appraise_t3,-1
2,4,orwell.appraise_t2,-1,-1,-1,3,4,evaluator2,-1,orwell.appraise_t3,-1
2,5,orwell.appraise_t1,-1,-1,-1,1,5,evaluator1,-1,orwell.appraise_t2,-1
2,5,orwell.appraise_t1,-1,-1,-1,1,5,evaluator1,-1,orwell.appraise_t3,-1
2,5,orwell.appraise_t2,-1,-1,-1,2,5,evaluator1,-1,orwell.appraise_t3,-1
3,5,orwell.appraise_t1,-1,-1,-1,1,5,evaluator2,-1,orwell.appraise_t2,-1
2,5,orwell.appraise_t1,-1,-1,-1,1,5,evaluator2,-1,orwell.appraise_t3,-1
2,5,orwell.appraise_t2,-1,-1,-1,3,5,evaluator2,-1,orwell.appraise_t3,-1
2,6,orwell.appraise_t1,-1,-1,-1,1,6,evaluator1,-1,orwell.appraise_t2,-1
2,6,orwell.appraise_t1,-1,-1,-1,1,6,evaluator1,-1,orwell.appraise_t3,-1
2,6,orwell.appraise_t2,-1,-1,-1,2,6,evaluator1,-1,orwell.appraise_t3,-1
3,6,orwell.appraise_t1,-1,-1,-1,1,6,evaluator2,-1,orwell.appraise_t2,-1
2,6,orwell.appraise_t1,-1,-1,-1,1,6,evaluator2,-1,orwell.appraise_t3,-1
2,6,orwell.appraise_t2,-1,-1,-1,3,6,evaluator2,-1,orwell.appraise_t3,-1
3,7,orwell.appraise_t1,-1,-1,-1,2,7,evaluator1,-1,orwell.appraise_t2,-1
1,7,orwell.appraise_t1,-1,-1,-1,2,7,evaluator1,-1,orwell.appraise_t3,-1
1,7,orwell.appraise_t2,-1,-1,-1,3,7,evaluator1,-1,orwell.appraise_t3,-1
3,7,orwell.appraise_t1,-1,-1,-1,1,7,evaluator2,-1,orwell.appraise_t2,-1
2,7,orwell.appraise_t1,-1,-1,-1,1,7,evaluator2,-1,orwell.appraise_t3,-1
2,7,orwell.appraise_t2,-1,-1,-1,3,7,evaluator2,-1,orwell.appraise_t3,-1
3,8,orwell.appraise_t1,-1,-1,-1,1,8,evaluator1,-1,orwell.appraise_t2,-1
2,8,orwell.appraise_t1,-1,-1,-1,1,8,evaluator1,-1,orwell.appraise_t3,-1
2,8,orwell.appraise_t2,-1,-1,-1,3,8,evaluator1,-1,orwell.appraise_t3,-1
3,8,orwell.appraise_t1,-1,-1,-1,1,8,evaluator2,-1,orwell.appraise_t2,-1
2,8,orwell.appraise_t1,-1,-1,-1,1,8,evaluator2,-1,orwell.appraise_t3,-1
2,8,orwell.appraise_t2,-1,-1,-1,3,8,evaluator2,-1,orwell.appraise_t3,-1
1,9,orwell.appraise_t1,-1,-1,-1,1,9,evaluator1,-1,orwell.appraise_t2,-1
1,9,orwell.appraise_t1,-1,-1,-1,1,9,evaluator1,-1,orwell.appraise_t3,-1
1,9,orwell.appraise_t2,-1,-1,-1,1,9,evaluator1,-1,orwell.appraise_t3,-1
1,9,orwell.appraise_t1,-1,-1,-1,1,9,evaluator2,-1,orwell.appraise_t2,-1
1,9,orwell.appraise_t1,-1,-1,-1,1,9,evaluator2,-1,orwell.appraise_t3,-1
1,9,orwell.appraise_t2,-1,-1,-1,1,9,evaluator2,-1,orwell.appraise_t3,-1
2,10,orwell.appraise_t1,-1,-1,-1,1,10,evaluator1,-1,orwell.appraise_t2,-1
2,10,orwell.appraise_t1,-1,-1,-1,1,10,evaluator1,-1,orwell.appraise_t3,-1
2,10,orwell.appraise_t2,-1,-1,-1,2,10,evaluator1,-1,orwell.appraise_t3,-1
2,10,orwell.appraise_t1,-1,-1,-1,1,10,evaluator2,-1,orwell.appraise_t2,-1
2,10,orwell.appraise_t1,-1,-1,-1,1,10,evaluator2,-1,orwell.appraise_t3,-1
2,10,orwell.appraise_t2,-1,-1,-1,2,10,evaluator2,-1,orwell.appraise_t3,-1
2,11,orwell.appraise_t1,-1,-1,-1,1,11,evaluator1,-1,orwell.appraise_t2,-1
3,11,orwell.appraise_t1,-1,-1,-1,1,11,evaluator1,-1,orwell.appraise_t3,-1
3,11,orwell.appraise_t2,-1,-1,-1,2,11,evaluator1,-1,orwell.appraise_t3,-1
2,11,orwell.appraise_t1,-1,-1,-1,1,11,evaluator2,-1,orwell.appraise_t2,-1
2,11,orwell.appraise_t1,-1,-1,-1,1,11,evaluator2,-1,orwell.appraise_t3,-1
2,11,orwell.appraise_t2,-1,-1,-1,2,11,evaluator2,-1,orwell.appraise_t3,-1
3,12,orwell.appraise_t1,-1,-1,-1,1,12,evaluator1,-1,orwell.appraise_t2,-1
2,12,orwell.appraise_t1,-1,-1,-1,1,12,evaluator1,-1,orwell.appraise_t3,-1
2,12,orwell.appraise_t2,-1,-1,-1,3,12,evaluator1,-1,orwell.appraise_t3,-1
3,12,orwell.appraise_t1,-1,-1,-1,2,12,evaluator2,-1,orwell.appraise_t2,-1
1,12,orwell.appraise_t1,-1,-1,-1,2,12,evaluator2,-1,orwell.appraise_t3,-1
1,12,orwell.appraise_t2,-1,-1,-1,3,12,evaluator2,-1,orwell.appraise_t3,-1
2,13,orwell.appraise_t1,-1,-1,-1,1,13,evaluator1,-1,orwell.appraise_t2,-1
1,13,orwell.appraise_t1,-1,-1,-1,1,13,evaluator1,-1,orwell.appraise_t3,-1
1,13,orwell.appraise_t2,-1,-1,-1,2,13,evaluator1,-1,orwell.appraise_t3,-1
3,13,orwell.appraise_t1,-1,-1,-1,1,13,evaluator2,-1,orwell.appraise_t2,-1
2,13,orwell.appraise_t1,-1,-1,-1,1,13,evaluator2,-1,orwell.appraise_t3,-1
2,13,orwell.appraise_t2,-1,-1,-1,3,13,evaluator2,-1,orwell.appraise_t3,-1
2,14,orwell.appraise_t1,-1,-1,-1,1,14,evaluator1,-1,orwell.appraise_t2,-1
1,14,orwell.appraise_t1,-1,-1,-1,1,14,evaluator1,-1,orwell.appraise_t3,-1
1,14,orwell.appraise_t2,-1,-1,-1,2,14,evaluator1,-1,orwell.appraise_t3,-1
3,14,orwell.appraise_t1,-1,-1,-1,2,14,evaluator2,-1,orwell.appraise_t2,-1
1,14,orwell.appraise_t1,-1,-1,-1,2,14,evaluator2,-1,orwell.appraise_t3,-1
1,14,orwell.appraise_t2,-1,-1,-1,3,14,evaluator2,-1,orwell.appraise_t3,-1
2,15,orwell.appraise_t1,-1,-1,-1,1,15,evaluator1,-1,orwell.appraise_t2,-1
2,15,orwell.appraise_t1,-1,-1,-1,1,15,evaluator1,-1,orwell.appraise_t3,-1
2,15,orwell.appraise_t2,-1,-1,-1,2,15,evaluator1,-1,orwell.appraise_t3,-1
2,15,orwell.appraise_t1,-1,-1,-1,1,15,evaluator2,-1,orwell.appraise_t2,-1
3,15,orwell.appraise_t1,-1,-1,-1,1,15,evaluator2,-1,orwell.appraise_t3,-1
3,15,orwell.appraise_t2,-1,-1,-1,2,15,evaluator2,-1,orwell.appraise_t3,-1
2,16,orwell.appraise_t1,-1,-1,-1,1,16,evaluator1,-1,orwell.appraise_t2,-1
2,16,orwell.appraise_t1,-1,-1,-1,1,16,evaluator1,-1,orwell.appraise_t3,-1
2,16,orwell.appraise_t2,-1,-1,-1,2,16,evaluator1,-1,orwell.appraise_t3,-1
2,16,orwell.appraise_t1,-1,-1,-1,1,16,evaluator2,-1,orwell.appraise_t2,-1
3,16,orwell.appraise_t1,-1,-1,-1,1,16,evaluator2,-1,orwell.appraise_t3,-1
3,16,orwell.appraise_t2,-1,-1,-1,2,16,evaluator2,-1,orwell.appraise_t3,-1
2,17,orwell.appraise_t1,-1,-1,-1,1,17,evaluator1,-1,orwell.appraise_t2,-1
1,17,orwell.appraise_t1,-1,-1,-1,1,17,evaluator1,-1,orwell.appraise_t3,-1
1,17,orwell.appraise_t2,-1,-1,-1,2,17,evaluator1,-1,orwell.appraise_t3,-1
3,17,orwell.appraise_t1,-1,-1,-1,2,17,evaluator2,-1,orwell.appraise_t2,-1
1,17,orwell.appraise_t1,-1,-1,-1,2,17,evaluator2,-1,orwell.appraise_t3,-1
1,17,orwell.appraise_t2,-1,-1,-1,3,17,evaluator2,-1,orwell.appraise_t3,-1
2,18,orwell.appraise_t1,-1,-1,-1,1,18,evaluator1,-1,orwell.appraise_t2,-1
3,18,orwell.appraise_t1,-1,-1,-1,1,18,evaluator1,-1,orwell.appraise_t3,-1
3,18,orwell.appraise_t2,-1,-1,-1,2,18,evaluator1,-1,orwell.appraise_t3,-1
2,18,orwell.appraise_t1,-1,-1,-1,1,18,evaluator2,-1,orwell.appraise_t2,-1
2,18,orwell.appraise_t1,-1,-1,-1,1,18,evaluator2,-1,orwell.appraise_t3,-1
2,18,orwell.appraise_t2,-1,-1,-1,2,18,evaluator2,-1,orwell.appraise_t3,-1
2,19,orwell.appraise_t1,-1,-1,-1,1,19,evaluator1,-1,orwell.appraise_t2,-1
1,19,orwell.appraise_t1,-1,-1,-1,1,19,evaluator1,-1,orwell.appraise_t3,-1
1,19,orwell.appraise_t2,-1,-1,-1,2,19,evaluator1,-1,orwell.appraise_t3,-1
3,19,orwell.appraise_t1,-1,-1,-1,1,19,evaluator2,-1,orwell.appraise_t2,-1
2,19,orwell.appraise_t1,-1,-1,-1,1,19,evaluator2,-1,orwell.appraise_t3,-1
2,19,orwell.appraise_t2,-1,-1,-1,3,19,evaluator2,-1,orwell.appraise_t3,-1
3,20,orwell.appraise_t1,-1,-1,-1,1,20,evaluator1,-1,orwell.appraise_t2,-1
2,20,orwell.appraise_t1,-1,-1,-1,1,20,evaluator1,-1,orwell.appraise_t3,-1
2,20,orwell.appraise_t2,-1,-1,-1,3,20,evaluator1,-1,orwell.appraise_t3,-1
3,20,orwell.appraise_t1,-1,-1,-1,1,20,evaluator2,-1,orwell.appraise_t2,-1
2,20,orwell.appraise_t1,-1,-1,-1,1,20,evaluator2,-1,orwell.appraise_t3,-1
2,20,orwell.appraise_t2,-1,-1,-1,3,20,evaluator2,-1,orwell.appraise_t3,-1
2,21,orwell.appraise_t1,-1,-1,-1,1,21,evaluator1,-1,orwell.appraise_t2,-1
2,21,orwell.appraise_t1,-1,-1,-1,1,21,evaluator1,-1,orwell.appraise_t3,-1
2,21,orwell.appraise_t2,-1,-1,-1,2,21,evaluator1,-1,orwell.appraise_t3,-1
2,21,orwell.appraise_t1,-1,-1,-1,1,21,evaluator2,-1,orwell.appraise_t2,-1
3,21,orwell.appraise_t1,-1,-1,-1,1,21,evaluator2,-1,orwell.appraise_t3,-1
3,21,orwell.appraise_t2,-1,-1,-1,2,21,evaluator2,-1,orwell.appraise_t3,-1
3,22,orwell.appraise_t1,-1,-1,-1,1,22,evaluator1,-1,orwell.appraise_t2,-1
2,22,orwell.appraise_t1,-1,-1,-1,1,22,evaluator1,-1,orwell.appraise_t3,-1
2,22,orwell.appraise_t2,-1,-1,-1,3,22,evaluator1,-1,orwell.appraise_t3,-1
3,22,orwell.appraise_t1,-1,-1,-1,1,22,evaluator2,-1,orwell.appraise_t2,-1
2,22,orwell.appraise_t1,-1,-1,-1,1,22,evaluator2,-1,orwell.appraise_t3,-1
2,22,orwell.appraise_t2,-1,-1,-1,3,22,evaluator2,-1,orwell.appraise_t3,-1
2,23,orwell.appraise_t1,-1,-1,-1,1,23,evaluator1,-1,orwell.appraise_t2,-1
2,23,orwell.appraise_t1,-1,-1,-1,1,23,evaluator1,-1,orwell.appraise_t3,-1
2,23,orwell.appraise_t2,-1,-1,-1,2,23,evaluator1,-1,orwell.appraise_t3,-1
3,23,orwell.appraise_t1,-1,-1,-1,1,23,evaluator2,-1,orwell.appraise_t2,-1
2,23,orwell.appraise_t1,-1,-1,-1,1,23,evaluator2,-1,orwell.appraise_t3,-1
2,23,orwell.appraise_t2,-1,-1,-1,3,23,evaluator2,-1,orwell.appraise_t3,-1
2,24,orwell.appraise_t1,-1,-1,-1,3,24,evaluator1,-1,orwell.appraise_t2,-1
1,24,orwell.appraise_t1,-1,-1,-1,3,24,evaluator1,-1,orwell.appraise_t3,-1
1,24,orwell.appraise_t2,-1,-1,-1,2,24,evaluator1,-1,orwell.appraise_t3,-1
2,24,orwell.appraise_t1,-1,-1,-1,3,24,evaluator2,-1,orwell.appraise_t2,-1
1,24,orwell.appraise_t1,-1,-1,-1,3,24,evaluator2,-1,orwell.appraise_t3,-1
1,24,orwell.appraise_t2,-1,-1,-1,2,24,evaluator2,-1,orwell.appraise_t3,-1
2,25,orwell.appraise_t1,-1,-1,-1,1,25,evaluator1,-1,orwell.appraise_t2,-1
2,25,orwell.appraise_t1,-1,-1,-1,1,25,evaluator1,-1,orwell.appraise_t3,-1
2,25,orwell.appraise_t2,-1,-1,-1,2,25,evaluator1,-1,orwell.appraise_t3,-1
2,25,orwell.appraise_t1,-1,-1,-1,1,25,evaluator2,-1,orwell.appraise_t2,-1
3,25,orwell.appraise_t1,-1,-1,-1,1,25,evaluator2,-1,orwell.appraise_t3,-1
3,25,orwell.appraise_t2,-1,-1,-1,2,25,evaluator2,-1,orwell.appraise_t3,-1
1,26,orwell.appraise_t1,-1,-1,-1,1,26,evaluator1,-1,orwell.appraise_t2,-1
1,26,orwell.appraise_t1,-1,-1,-1,1,26,evaluator1,-1,orwell.appraise_t3,-1
1,26,orwell.appraise_t2,-1,-1,-1,1,26,evaluator1,-1,orwell.appraise_t3,-1
2,26,orwell.appraise_t1,-1,-1,-1,1,26,evaluator2,-1,orwell.appraise_t2,-1
3,26,orwell.appraise_t1,-1,-1,-1,1,26,evaluator2,-1,orwell.appraise_t3,-1
3,26,orwell.appraise_t2,-1,-1,-1,2,26,evaluator2,-1,orwell.appraise_t3,-1
2,27,orwell.appraise_t1,-1,-1,-1,1,27,evaluator1,-1,orwell.appraise_t2,-1
2,27,orwell.appraise_t1,-1,-1,-1,1,27,evaluator1,-1,orwell.appraise_t3,-1
2,27,orwell.appraise_t2,-1,-1,-1,2,27,evaluator1,-1,orwell.appraise_t3,-1
2,27,orwell.appraise_t1,-1,-1,-1,1,27,evaluator2,-1,orwell.appraise_t2,-1
2,27,orwell.appraise_t1,-1,-1,-1,1,27,evaluator2,-1,orwell.appraise_t3,-1
2,27,orwell.appraise_t2,-1,-1,-1,2,27,evaluator2,-1,orwell.appraise_t3,-1
1,28,orwell.appraise_t1,-1,-1,-1,2,28,evaluator1,-1,orwell.appraise_t2,-1
1,28,orwell.appraise_t1,-1,-1,-1,2,28,evaluator1,-1,orwell.appraise_t3,-1
1,28,orwell.appraise_t2,-1,-1,-1,1,28,evaluator1,-1,orwell.appraise_t3,-1
2,28,orwell.appraise_t1,-1,-1,-1,2,28,evaluator2,-1,orwell.appraise_t2,-1
1,28,orwell.appraise_t1,-1,-1,-1,2,28,evaluator2,-1,orwell.appraise_t3,-1
1,28,orwell.appraise_t2,-1,-1,-1,2,28,evaluator2,-1,orwell.appraise_t3,-1
2,29,orwell.appraise_t1,-1,-1,-1,1,29,evaluator1,-1,orwell.appraise_t2,-1
2,29,orwell.appraise_t1,-1,-1,-1,1,29,evaluator1,-1,orwell.appraise_t3,-1
2,29,orwell.appraise_t2,-1,-1,-1,2,29,evaluator1,-1,orwell.appraise_t3,-1
2,29,orwell.appraise_t1,-1,-1,-1,1,29,evaluator2,-1,orwell.appraise_t2,-1
3,29,orwell.appraise_t1,-1,-1,-1,1,29,evaluator2,-1,orwell.appraise_t3,-1
3,29,orwell.appraise_t2,-1,-1,-1,2,29,evaluator2,-1,orwell.appraise_t3,-1
3,30,orwell.appraise_t1,-1,-1,-1,1,30,evaluator1,-1,orwell.appraise_t2,-1
2,30,orwell.appraise_t1,-1,-1,-1,1,30,evaluator1,-1,orwell.appraise_t3,-1
2,30,orwell.appraise_t2,-1,-1,-1,3,30,evaluator1,-1,orwell.appraise_t3,-1
3,30,orwell.appraise_t1,-1,-1,-1,1,30,evaluator2,-1,orwell.appraise_t2,-1
2,30,orwell.appraise_t1,-1,-1,-1,1,30,evaluator2,-1,orwell.appraise_t3,-1
2,30,orwell.appraise_t2,-1,-1,-1,3,30,evaluator2,-1,orwell.appraise_t3,-1
2,31,orwell.appraise_t1,-1,-1,-1,2,31,evaluator1,-1,orwell.appraise_t2,-1
1,31,orwell.appraise_t1,-1,-1,-1,2,31,evaluator1,-1,orwell.appraise_t3,-1
1,31,orwell.appraise_t2,-1,-1,-1,2,31,evaluator1,-1,orwell.appraise_t3,-1
2,31,orwell.appraise_t1,-1,-1,-1,2,31,evaluator2,-1,orwell.appraise_t2,-1
1,31,orwell.appraise_t1,-1,-1,-1,2,31,evaluator2,-1,orwell.appraise_t3,-1
1,31,orwell.appraise_t2,-1,-1,-1,2,31,evaluator2,-1,orwell.appraise_t3,-1
2,32,orwell.appraise_t1,-1,-1,-1,2,32,evaluator1,-1,orwell.appraise_t2,-1
1,32,orwell.appraise_t1,-1,-1,-1,2,32,evaluator1,-1,orwell.appraise_t3,-1
1,32,orwell.appraise_t2,-1,-1,-1,2,32,evaluator1,-1,orwell.appraise_t3,-1
2,32,orwell.appraise_t1,-1,-1,-1,3,32,evaluator2,-1,orwell.appraise_t2,-1
1,32,orwell.appraise_t1,-1,-1,-1,3,32,evaluator2,-1,orwell.appraise_t3,-1
1,32,orwell.appraise_t2,-1,-1,-1,2,32,evaluator2,-1,orwell.appraise_t3,-1
2,33,orwell.appraise_t1,-1,-1,-1,1,33,evaluator1,-1,orwell.appraise_t2,-1
2,33,orwell.appraise_t1,-1,-1,-1,1,33,evaluator1,-1,orwell.appraise_t3,-1
2,33,orwell.appraise_t2,-1,-1,-1,2,33,evaluator1,-1,orwell.appraise_t3,-1
3,33,orwell.appraise_t1,-1,-1,-1,1,33,evaluator2,-1,orwell.appraise_t2,-1
2,33,orwell.appraise_t1,-1,-1,-1,1,33,evaluator2,-1,orwell.appraise_t3,-1
2,33,orwell.appraise_t2,-1,-1,-1,3,33,evaluator2,-1,orwell.appraise_t3,-1
2,34,orwell.appraise_t1,-1,-1,-1,1,34,evaluator1,-1,orwell.appraise_t2,-1
3,34,orwell.appraise_t1,-1,-1,-1,1,34,evaluator1,-1,orwell.appraise_t3,-1
3,34,orwell.appraise_t2,-1,-1,-1,2,34,evaluator1,-1,orwell.appraise_t3,-1
2,34,orwell.appraise_t1,-1,-1,-1,1,34,evaluator2,-1,orwell.appraise_t2,-1
2,34,orwell.appraise_t1,-1,-1,-1,1,34,evaluator2,-1,orwell.appraise_t3,-1
2,34,orwell.appraise_t2,-1,-1,-1,2,34,evaluator2,-1,orwell.appraise_t3,-1
2,35,orwell.appraise_t1,-1,-1,-1,2,35,evaluator1,-1,orwell.appraise_t2,-1
1,35,orwell.appraise_t1,-1,-1,-1,2,35,evaluator1,-1,orwell.appraise_t3,-1
1,35,orwell.appraise_t2,-1,-1,-1,2,35,evaluator1,-1,orwell.appraise_t3,-1
1,35,orwell.appraise_t1,-1,-1,-1,3,35,evaluator2,-1,orwell.appraise_t2,-1
2,35,orwell.appraise_t1,-1,-1,-1,3,35,evaluator2,-1,orwell.appraise_t3,-1
2,35,orwell.appraise_t2,-1,-1,-1,1,35,evaluator2,-1,orwell.appraise_t3,-1
2,36,orwell.appraise_t1,-1,-1,-1,1,36,evaluator1,-1,orwell.appraise_t2,-1
1,36,orwell.appraise_t1,-1,-1,-1,1,36,evaluator1,-1,orwell.appraise_t3,-1
1,36,orwell.appraise_t2,-1,-1,-1,2,36,evaluator1,-1,orwell.appraise_t3,-1
3,36,orwell.appraise_t1,-1,-1,-1,2,36,evaluator2,-1,orwell.appraise_t2,-1
1,36,orwell.appraise_t1,-1,-1,-1,2,36,evaluator2,-1,orwell.appraise_t3,-1
1,36,orwell.appraise_t2,-1,-1,-1,3,36,evaluator2,-1,orwell.appraise_t3,-1
2,37,orwell.appraise_t1,-1,-1,-1,1,37,evaluator1,-1,orwell.appraise_t2,-1
1,37,orwell.appraise_t1,-1,-1,-1,1,37,evaluator1,-1,orwell.appraise_t3,-1
1,37,orwell.appraise_t2,-1,-1,-1,2,37,evaluator1,-1,orwell.appraise_t3,-1
3,37,orwell.appraise_t1,-1,-1,-1,1,37,evaluator2,-1,orwell.appraise_t2,-1
2,37,orwell.appraise_t1,-1,-1,-1,1,37,evaluator2,-1,orwell.appraise_t3,-1
2,37,orwell.appraise_t2,-1,-1,-1,3,37,evaluator2,-1,orwell.appraise_t3,-1
2,38,orwell.appraise_t1,-1,-1,-1,1,38,evaluator1,-1,orwell.appraise_t2,-1
1,38,orwell.appraise_t1,-1,-1,-1,1,38,evaluator1,-1,orwell.appraise_t3,-1
1,38,orwell.appraise_t2,-1,-1,-1,2,38,evaluator1,-1,orwell.appraise_t3,-1
3,38,orwell.appraise_t1,-1,-1,-1,1,38,evaluator2,-1,orwell.appraise_t2,-1
2,38,orwell.appraise_t1,-1,-1,-1,1,38,evaluator2,-1,orwell.appraise_t3,-1
2,38,orwell.appraise_t2,-1,-1,-1,3,38,evaluator2,-1,orwell.appraise_t3,-1
1,39,orwell.appraise_t1,-1,-1,-1,1,39,evaluator1,-1,orwell.appraise_t2,-1
1,39,orwell.appraise_t1,-1,-1,-1,1,39,evaluator1,-1,orwell.appraise_t3,-1
1,39,orwell.appraise_t2,-1,-1,-1,1,39,evaluator1,-1,orwell.appraise_t3,-1
2,39,orwell.appraise_t1,-1,-1,-1,1,39,evaluator2,-1,orwell.appraise_t2,-1
2,39,orwell.appraise_t1,-1,-1,-1,1,39,evaluator2,-1,orwell.appraise_t3,-1
2,39,orwell.appraise_t2,-1,-1,-1,2,39,evaluator2,-1,orwell.appraise_t3,-1
2,40,orwell.appraise_t1,-1,-1,-1,1,40,evaluator1,-1,orwell.appraise_t2,-1
2,40,orwell.appraise_t1,-1,-1,-1,1,40,evaluator1,-1,orwell.appraise_t3,-1
2,40,orwell.appraise_t2,-1,-1,-1,2,40,evaluator1,-1,orwell.appraise_t3,-1
2,40,orwell.appraise_t1,-1,-1,-1,1,40,evaluator2,-1,orwell.appraise_t2,-1
2,40,orwell.appraise_t1,-1,-1,-1,1,40,evaluator2,-1,orwell.appraise_t3,-1
2,40,orwell.appraise_t2,-1,-1,-1,2,40,evaluator2,-1,orwell.appraise_t3,-1
2,41,orwell.appraise_t1,-1,-1,-1,2,41,evaluator1,-1,orwell.appraise_t2,-1
1,41,orwell.appraise_t1,-1,-1,-1,2,41,evaluator1,-1,orwell.appraise_t3,-1
1,41,orwell.appraise_t2,-1,-1,-1,2,41,evaluator1,-1,orwell.appraise_t3,-1
1,41,orwell.appraise_t1,-1,-1,-1,3,41,evaluator2,-1,orwell.appraise_t2,-1
2,41,orwell.appraise_t1,-1,-1,-1,3,41,evaluator2,-1,orwell.appraise_t3,-1
2,41,orwell.appraise_t2,-1,-1,-1,1,41,evaluator2,-1,orwell.appraise_t3,-1
1,42,orwell.appraise_t1,-1,-1,-1,2,42,evaluator1,-1,orwell.appraise_t2,-1
1,42,orwell.appraise_t1,-1,-1,-1,2,42,evaluator1,-1,orwell.appraise_t3,-1
1,42,orwell.appraise_t2,-1,-1,-1,1,42,evaluator1,-1,orwell.appraise_t3,-1
1,42,orwell.appraise_t1,-1,-1,-1,2,42,evaluator2,-1,orwell.appraise_t2,-1
3,42,orwell.appraise_t1,-1,-1,-1,2,42,evaluator2,-1,orwell.appraise_t3,-1
3,42,orwell.appraise_t2,-1,-1,-1,1,42,evaluator2,-1,orwell.appraise_t3,-1
2,43,orwell.appraise_t1,-1,-1,-1,1,43,evaluator1,-1,orwell.appraise_t2,-1
1,43,orwell.appraise_t1,-1,-1,-1,1,43,evaluator1,-1,orwell.appraise_t3,-1
1,43,orwell.appraise_t2,-1,-1,-1,2,43,evaluator1,-1,orwell.appraise_t3,-1
2,43,orwell.appraise_t1,-1,-1,-1,3,43,evaluator2,-1,orwell.appraise_t2,-1
1,43,orwell.appraise_t1,-1,-1,-1,3,43,evaluator2,-1,orwell.appraise_t3,-1
1,43,orwell.appraise_t2,-1,-1,-1,2,43,evaluator2,-1,orwell.appraise_t3,-1
1,44,orwell.appraise_t1,-1,-1,-1,2,44,evaluator1,-1,orwell.appraise_t2,-1
1,44,orwell.appraise_t1,-1,-1,-1,2,44,evaluator1,-1,orwell.appraise_t3,-1
1,44,orwell.appraise_t2,-1,-1,-1,1,44,evaluator1,-1,orwell.appraise_t3,-1
2,44,orwell.appraise_t1,-1,-1,-1,1,44,evaluator2,-1,orwell.appraise_t2,-1
2,44,orwell.appraise_t1,-1,-1,-1,1,44,evaluator2,-1,orwell.appraise_t3,-1
2,44,orwell.appraise_t2,-1,-1,-1,2,44,evaluator2,-1,orwell.appraise_t3,-1
3,45,orwell.appraise_t1,-1,-1,-1,1,45,evaluator1,-1,orwell.appraise_t2,-1
2,45,orwell.appraise_t1,-1,-1,-1,1,45,evaluator1,-1,orwell.appraise_t3,-1
2,45,orwell.appraise_t2,-1,-1,-1,3,45,evaluator1,-1,orwell.appraise_t3,-1
3,45,orwell.appraise_t1,-1,-1,-1,1,45,evaluator2,-1,orwell.appraise_t2,-1
2,45,orwell.appraise_t1,-1,-1,-1,1,45,evaluator2,-1,orwell.appraise_t3,-1
2,45,orwell.appraise_t2,-1,-1,-1,3,45,evaluator2,-1,orwell.appraise_t3,-1
1,46,orwell.appraise_t1,-1,-1,-1,1,46,evaluator1,-1,orwell.appraise_t2,-1
2,46,orwell.appraise_t1,-1,-1,-1,1,46,evaluator1,-1,orwell.appraise_t3,-1
2,46,orwell.appraise_t2,-1,-1,-1,1,46,evaluator1,-1,orwell.appraise_t3,-1
1,46,orwell.appraise_t1,-1,-1,-1,3,46,evaluator2,-1,orwell.appraise_t2,-1
2,46,orwell.appraise_t1,-1,-1,-1,3,46,evaluator2,-1,orwell.appraise_t3,-1
2,46,orwell.appraise_t2,-1,-1,-1,1,46,evaluator2,-1,orwell.appraise_t3,-1
2,47,orwell.appraise_t1,-1,-1,-1,1,47,evaluator1,-1,orwell.appraise_t2,-1
3,47,orwell.appraise_t1,-1,-1,-1,1,47,evaluator1,-1,orwell.appraise_t3,-1
3,47,orwell.appraise_t2,-1,-1,-1,2,47,evaluator1,-1,orwell.appraise_t3,-1
2,47,orwell.appraise_t1,-1,-1,-1,1,47,evaluator2,-1,orwell.appraise_t2,-1
2,47,orwell.appraise_t1,-1,-1,-1,1,47,evaluator2,-1,orwell.appraise_t3,-1
2,47,orwell.appraise_t2,-1,-1,-1,2,47,evaluator2,-1,orwell.appraise_t3,-1
2,48,orwell.appraise_t1,-1,-1,-1,1,48,evaluator1,-1,orwell.appraise_t2,-1
2,48,orwell.appraise_t1,-1,-1,-1,1,48,evaluator1,-1,orwell.appraise_t3,-1
2,48,orwell.appraise_t2,-1,-1,-1,2,48,evaluator1,-1,orwell.appraise_t3,-1
2,48,orwell.appraise_t1,-1,-1,-1,1,48,evaluator2,-1,orwell.appraise_t2,-1
3,48,orwell.appraise_t1,-1,-1,-1,1,48,evaluator2,-1,orwell.appraise_t3,-1
3,48,orwell.appraise_t2,-1,-1,-1,2,48,evaluator2,-1,orwell.appraise_t3,-1
2,49,orwell.appraise_t1,-1,-1,-1,3,49,evaluator1,-1,orwell.appraise_t2,-1
1,49,orwell.appraise_t1,-1,-1,-1,3,49,evaluator1,-1,orwell.appraise_t3,-1
1,49,orwell.appraise_t2,-1,-1,-1,2,49,evaluator1,-1,orwell.appraise_t3,-1
3,49,orwell.appraise_t1,-1,-1,-1,1,49,evaluator2,-1,orwell.appraise_t2,-1
2,49,orwell.appraise_t1,-1,-1,-1,1,49,evaluator2,-1,orwell.appraise_t3,-1
2,49,orwell.appraise_t2,-1,-1,-1,3,49,evaluator2,-1,orwell.appraise_t3,-1
2,50,orwell.appraise_t1,-1,-1,-1,1,50,evaluator1,-1,orwell.appraise_t2,-1
2,50,orwell.appraise_t1,-1,-1,-1,1,50,evaluator1,-1,orwell.appraise_t3,-1
2,50,orwell.appraise_t2,-1,-1,-1,2,50,evaluator1,-1,orwell.appraise_t3,-1
2,50,orwell.appraise_t1,-1,-1,-1,1,50,evaluator2,-1,orwell.appraise_t2,-1
2,50,orwell.appraise_t1,-1,-1,-1,1,50,evaluator2,-1,orwell.appraise_t3,-1
2,50,orwell.appraise_t2,-1,-1,-1,2,50,evaluator2,-1,orwell.appraise_t3,-1
2,51,orwell.appraise_t1,-1,-1,-1,2,51,evaluator1,-1,orwell.appraise_t2,-1
1,51,orwell.appraise_t1,-1,-1,-1,2,51,evaluator1,-1,orwell.appraise_t3,-1
1,51,orwell.appraise_t2,-1,-1,-1,2,51,evaluator1,-1,orwell.appraise_t3,-1
3,51,orwell.appraise_t1,-1,-1,-1,1,51,evaluator2,-1,orwell.appraise_t2,-1
2,51,orwell.appraise_t1,-1,-1,-1,1,51,evaluator2,-1,orwell.appraise_t3,-1
2,51,orwell.appraise_t2,-1,-1,-1,3,51,evaluator2,-1,orwell.appraise_t3,-1
2,52,orwell.appraise_t1,-1,-1,-1,1,52,evaluator1,-1,orwell.appraise_t2,-1
2,52,orwell.appraise_t1,-1,-1,-1,1,52,evaluator1,-1,orwell.appraise_t3,-1
2,52,orwell.appraise_t2,-1,-1,-1,2,52,evaluator1,-1,orwell.appraise_t3,-1
2,52,orwell.appraise_t1,-1,-1,-1,1,52,evaluator2,-1,orwell.appraise_t2,-1
2,52,orwell.appraise_t1,-1,-1,-1,1,52,evaluator2,-1,orwell.appraise_t3,-1
2,52,orwell.appraise_t2,-1,-1,-1,2,52,evaluator2,-1,orwell.appraise_t3,-1
3,53,orwell.appraise_t1,-1,-1,-1,1,53,evaluator1,-1,orwell.appraise_t2,-1
2,53,orwell.appraise_t1,-1,-1,-1,1,53,evaluator1,-1,orwell.appraise_t3,-1
2,53,orwell.appraise_t2,-1,-1,-1,3,53,evaluator1,-1,orwell.appraise_t3,-1
3,53,orwell.appraise_t1,-1,-1,-1,1,53,evaluator2,-1,orwell.appraise_t2,-1
2,53,orwell.appraise_t1,-1,-1,-1,1,53,evaluator2,-1,orwell.appraise_t3,-1
2,53,orwell.appraise_t2,-1,-1,-1,3,53,evaluator2,-1,orwell.appraise_t3,-1
3,54,orwell.appraise_t1,-1,-1,-1,1,54,evaluator2,-1,orwell.appraise_t2,-1
2,54,orwell.appraise_t1,-1,-1,-1,1,54,evaluator2,-1,orwell.appraise_t3,-1
2,54,orwell.appraise_t2,-1,-1,-1,3,54,evaluator2,-1,orwell.appraise_t3,-1
2,54,orwell.appraise_t1,-1,-1,-1,1,54,evaluator1,-1,orwell.appraise_t2,-1
2,54,orwell.appraise_t1,-1,-1,-1,1,54,evaluator1,-1,orwell.appraise_t3,-1
2,54,orwell.appraise_t2,-1,-1,-1,2,54,evaluator1,-1,orwell.appraise_t3,-1
2,55,orwell.appraise_t1,-1,-1,-1,1,55,evaluator2,-1,orwell.appraise_t2,-1
2,55,orwell.appraise_t1,-1,-1,-1,1,55,evaluator2,-1,orwell.appraise_t3,-1
2,55,orwell.appraise_t2,-1,-1,-1,2,55,evaluator2,-1,orwell.appraise_t3,-1
2,55,orwell.appraise_t1,-1,-1,-1,1,55,evaluator1,-1,orwell.appraise_t2,-1
2,55,orwell.appraise_t1,-1,-1,-1,1,55,evaluator1,-1,orwell.appraise_t3,-1
2,55,orwell.appraise_t2,-1,-1,-1,2,55,evaluator1,-1,orwell.appraise_t3,-1
2,56,orwell.appraise_t1,-1,-1,-1,1,56,evaluator2,-1,orwell.appraise_t2,-1
2,56,orwell.appraise_t1,-1,-1,-1,1,56,evaluator2,-1,orwell.appraise_t3,-1
2,56,orwell.appraise_t2,-1,-1,-1,2,56,evaluator2,-1,orwell.appraise_t3,-1
3,57,orwell.appraise_t1,-1,-1,-1,1,57,evaluator2,-1,orwell.appraise_t2,-1
2,57,orwell.appraise_t1,-1,-1,-1,1,57,evaluator2,-1,orwell.appraise_t3,-1
2,57,orwell.appraise_t2,-1,-1,-1,3,57,evaluator2,-1,orwell.appraise_t3,-1
2,57,orwell.appraise_t1,-1,-1,-1,1,57,evaluator1,-1,orwell.appraise_t2,-1
2,57,orwell.appraise_t1,-1,-1,-1,1,57,evaluator1,-1,orwell.appraise_t3,-1
2,57,orwell.appraise_t2,-1,-1,-1,2,57,evaluator1,-1,orwell.appraise_t3,-1
3,58,orwell.appraise_t1,-1,-1,-1,1,58,evaluator2,-1,orwell.appraise_t2,-1
2,58,orwell.appraise_t1,-1,-1,-1,1,58,evaluator2,-1,orwell.appraise_t3,-1
2,58,orwell.appraise_t2,-1,-1,-1,3,58,evaluator2,-1,orwell.appraise_t3,-1
2,58,orwell.appraise_t1,-1,-1,-1,1,58,evaluator1,-1,orwell.appraise_t2,-1
2,58,orwell.appraise_t1,-1,-1,-1,1,58,evaluator1,-1,orwell.appraise_t3,-1
2,58,orwell.appraise_t2,-1,-1,-1,2,58,evaluator1,-1,orwell.appraise_t3,-1
2,59,orwell.appraise_t1,-1,-1,-1,3,59,evaluator2,-1,orwell.appraise_t2,-1
1,59,orwell.appraise_t1,-1,-1,-1,3,59,evaluator2,-1,orwell.appraise_t3,-1
1,59,orwell.appraise_t2,-1,-1,-1,2,59,evaluator2,-1,orwell.appraise_t3,-1
1,59,orwell.appraise_t1,-1,-1,-1,2,59,evaluator1,-1,orwell.appraise_t2,-1
3,59,orwell.appraise_t1,-1,-1,-1,2,59,evaluator1,-1,orwell.appraise_t3,-1
3,59,orwell.appraise_t2,-1,-1,-1,1,59,evaluator1,-1,orwell.appraise_t3,-1
2,60,orwell.appraise_t1,-1,-1,-1,3,60,evaluator2,-1,orwell.appraise_t2,-1
1,60,orwell.appraise_t1,-1,-1,-1,3,60,evaluator2,-1,orwell.appraise_t3,-1
1,60,orwell.appraise_t2,-1,-1,-1,2,60,evaluator2,-1,orwell.appraise_t3,-1
2,60,orwell.appraise_t1,-1,-1,-1,3,60,evaluator1,-1,orwell.appraise_t2,-1
1,60,orwell.appraise_t1,-1,-1,-1,3,60,evaluator1,-1,orwell.appraise_t3,-1
1,60,orwell.appraise_t2,-1,-1,-1,2,60,evaluator1,-1,orwell.appraise_t3,-1
2,61,orwell.appraise_t1,-1,-1,-1,3,61,evaluator2,-1,orwell.appraise_t2,-1
1,61,orwell.appraise_t1,-1,-1,-1,3,61,evaluator2,-1,orwell.appraise_t3,-1
1,61,orwell.appraise_t2,-1,-1,-1,2,61,evaluator2,-1,orwell.appraise_t3,-1
2,61,orwell.appraise_t1,-1,-1,-1,1,61,evaluator1,-1,orwell.appraise_t2,-1
3,61,orwell.appraise_t1,-1,-1,-1,1,61,evaluator1,-1,orwell.appraise_t3,-1
3,61,orwell.appraise_t2,-1,-1,-1,2,61,evaluator1,-1,orwell.appraise_t3,-1
3,62,orwell.appraise_t1,-1,-1,-1,1,62,evaluator2,-1,orwell.appraise_t2,-1
2,62,orwell.appraise_t1,-1,-1,-1,1,62,evaluator2,-1,orwell.appraise_t3,-1
2,62,orwell.appraise_t2,-1,-1,-1,3,62,evaluator2,-1,orwell.appraise_t3,-1
2,62,orwell.appraise_t1,-1,-1,-1,1,62,evaluator1,-1,orwell.appraise_t2,-1
1,62,orwell.appraise_t1,-1,-1,-1,1,62,evaluator1,-1,orwell.appraise_t3,-1
1,62,orwell.appraise_t2,-1,-1,-1,2,62,evaluator1,-1,orwell.appraise_t3,-1
2,63,orwell.appraise_t1,-1,-1,-1,1,63,evaluator2,-1,orwell.appraise_t2,-1
2,63,orwell.appraise_t1,-1,-1,-1,1,63,evaluator2,-1,orwell.appraise_t3,-1
2,63,orwell.appraise_t2,-1,-1,-1,2,63,evaluator2,-1,orwell.appraise_t3,-1
3,63,orwell.appraise_t1,-1,-1,-1,1,63,evaluator1,-1,orwell.appraise_t2,-1
2,63,orwell.appraise_t1,-1,-1,-1,1,63,evaluator1,-1,orwell.appraise_t3,-1
2,63,orwell.appraise_t2,-1,-1,-1,3,63,evaluator1,-1,orwell.appraise_t3,-1
1,64,orwell.appraise_t1,-1,-1,-1,2,64,evaluator1,-1,orwell.appraise_t2,-1
2,64,orwell.appraise_t1,-1,-1,-1,2,64,evaluator1,-1,orwell.appraise_t3,-1
2,64,orwell.appraise_t2,-1,-1,-1,1,64,evaluator1,-1,orwell.appraise_t3,-1
2,64,orwell.appraise_t1,-1,-1,-1,1,64,evaluator2,-1,orwell.appraise_t2,-1
3,64,orwell.appraise_t1,-1,-1,-1,1,64,evaluator2,-1,orwell.appraise_t3,-1
3,64,orwell.appraise_t2,-1,-1,-1,2,64,evaluator2,-1,orwell.appraise_t3,-1
3,65,orwell.appraise_t1,-1,-1,-1,1,65,evaluator1,-1,orwell.appraise_t2,-1
2,65,orwell.appraise_t1,-1,-1,-1,1,65,evaluator1,-1,orwell.appraise_t3,-1
2,65,orwell.appraise_t2,-1,-1,-1,3,65,evaluator1,-1,orwell.appraise_t3,-1
3,65,orwell.appraise_t1,-1,-1,-1,1,65,evaluator2,-1,orwell.appraise_t2,-1
2,65,orwell.appraise_t1,-1,-1,-1,1,65,evaluator2,-1,orwell.appraise_t3,-1
2,65,orwell.appraise_t2,-1,-1,-1,3,65,evaluator2,-1,orwell.appraise_t3,-1
2,66,orwell.appraise_t1,-1,-1,-1,1,66,evaluator1,-1,orwell.appraise_t2,-1
2,66,orwell.appraise_t1,-1,-1,-1,1,66,evaluator1,-1,orwell.appraise_t3,-1
2,66,orwell.appraise_t2,-1,-1,-1,2,66,evaluator1,-1,orwell.appraise_t3,-1
2,66,orwell.appraise_t1,-1,-1,-1,1,66,evaluator2,-1,orwell.appraise_t2,-1
3,66,orwell.appraise_t1,-1,-1,-1,1,66,evaluator2,-1,orwell.appraise_t3,-1
3,66,orwell.appraise_t2,-1,-1,-1,2,66,evaluator2,-1,orwell.appraise_t3,-1
1,67,orwell.appraise_t1,-1,-1,-1,2,67,evaluator1,-1,orwell.appraise_t2,-1
2,67,orwell.appraise_t1,-1,-1,-1,2,67,evaluator1,-1,orwell.appraise_t3,-1
2,67,orwell.appraise_t2,-1,-1,-1,1,67,evaluator1,-1,orwell.appraise_t3,-1
3,67,orwell.appraise_t1,-1,-1,-1,1,67,evaluator2,-1,orwell.appraise_t2,-1
2,67,orwell.appraise_t1,-1,-1,-1,1,67,evaluator2,-1,orwell.appraise_t3,-1
2,67,orwell.appraise_t2,-1,-1,-1,3,67,evaluator2,-1,orwell.appraise_t3,-1
3,68,orwell.appraise_t1,-1,-1,-1,1,68,evaluator1,-1,orwell.appraise_t2,-1
2,68,orwell.appraise_t1,-1,-1,-1,1,68,evaluator1,-1,orwell.appraise_t3,-1
2,68,orwell.appraise_t2,-1,-1,-1,3,68,evaluator1,-1,orwell.appraise_t3,-1
3,68,orwell.appraise_t1,-1,-1,-1,1,68,evaluator2,-1,orwell.appraise_t2,-1
2,68,orwell.appraise_t1,-1,-1,-1,1,68,evaluator2,-1,orwell.appraise_t3,-1
2,68,orwell.appraise_t2,-1,-1,-1,3,68,evaluator2,-1,orwell.appraise_t3,-1
2,69,orwell.appraise_t1,-1,-1,-1,1,69,evaluator1,-1,orwell.appraise_t2,-1
1,69,orwell.appraise_t1,-1,-1,-1,1,69,evaluator1,-1,orwell.appraise_t3,-1
1,69,orwell.appraise_t2,-1,-1,-1,2,69,evaluator1,-1,orwell.appraise_t3,-1
3,69,orwell.appraise_t1,-1,-1,-1,1,69,evaluator2,-1,orwell.appraise_t2,-1
2,69,orwell.appraise_t1,-1,-1,-1,1,69,evaluator2,-1,orwell.appraise_t3,-1
2,69,orwell.appraise_t2,-1,-1,-1,3,69,evaluator2,-1,orwell.appraise_t3,-1
3,70,orwell.appraise_t1,-1,-1,-1,1,70,evaluator1,-1,orwell.appraise_t2,-1
2,70,orwell.appraise_t1,-1,-1,-1,1,70,evaluator1,-1,orwell.appraise_t3,-1
2,70,orwell.appraise_t2,-1,-1,-1,3,70,evaluator1,-1,orwell.appraise_t3,-1
3,70,orwell.appraise_t1,-1,-1,-1,1,70,evaluator2,-1,orwell.appraise_t2,-1
2,70,orwell.appraise_t1,-1,-1,-1,1,70,evaluator2,-1,orwell.appraise_t3,-1
2,70,orwell.appraise_t2,-1,-1,-1,3,70,evaluator2,-1,orwell.appraise_t3,-1
1,71,orwell.appraise_t1,-1,-1,-1,2,71,evaluator1,-1,orwell.appraise_t2,-1
1,71,orwell.appraise_t1,-1,-1,-1,2,71,evaluator1,-1,orwell.appraise_t3,-1
1,71,orwell.appraise_t2,-1,-1,-1,1,71,evaluator1,-1,orwell.appraise_t3,-1
2,71,orwell.appraise_t1,-1,-1,-1,3,71,evaluator2,-1,orwell.appraise_t2,-1
1,71,orwell.appraise_t1,-1,-1,-1,3,71,evaluator2,-1,orwell.appraise_t3,-1
1,71,orwell.appraise_t2,-1,-1,-1,2,71,evaluator2,-1,orwell.appraise_t3,-1
2,72,orwell.appraise_t1,-1,-1,-1,1,72,evaluator1,-1,orwell.appraise_t2,-1
2,72,orwell.appraise_t1,-1,-1,-1,1,72,evaluator1,-1,orwell.appraise_t3,-1
2,72,orwell.appraise_t2,-1,-1,-1,2,72,evaluator1,-1,orwell.appraise_t3,-1
2,72,orwell.appraise_t1,-1,-1,-1,1,72,evaluator2,-1,orwell.appraise_t2,-1
3,72,orwell.appraise_t1,-1,-1,-1,1,72,evaluator2,-1,orwell.appraise_t3,-1
3,72,orwell.appraise_t2,-1,-1,-1,2,72,evaluator2,-1,orwell.appraise_t3,-1
3,73,orwell.appraise_t1,-1,-1,-1,1,73,evaluator1,-1,orwell.appraise_t2,-1
2,73,orwell.appraise_t1,-1,-1,-1,1,73,evaluator1,-1,orwell.appraise_t3,-1
2,73,orwell.appraise_t2,-1,-1,-1,3,73,evaluator1,-1,orwell.appraise_t3,-1
3,73,orwell.appraise_t1,-1,-1,-1,1,73,evaluator2,-1,orwell.appraise_t2,-1
2,73,orwell.appraise_t1,-1,-1,-1,1,73,evaluator2,-1,orwell.appraise_t3,-1
2,73,orwell.appraise_t2,-1,-1,-1,3,73,evaluator2,-1,orwell.appraise_t3,-1
2,74,orwell.appraise_t1,-1,-1,-1,1,74,evaluator1,-1,orwell.appraise_t2,-1
1,74,orwell.appraise_t1,-1,-1,-1,1,74,evaluator1,-1,orwell.appraise_t3,-1
1,74,orwell.appraise_t2,-1,-1,-1,2,74,evaluator1,-1,orwell.appraise_t3,-1
3,74,orwell.appraise_t1,-1,-1,-1,1,74,evaluator2,-1,orwell.appraise_t2,-1
2,74,orwell.appraise_t1,-1,-1,-1,1,74,evaluator2,-1,orwell.appraise_t3,-1
2,74,orwell.appraise_t2,-1,-1,-1,3,74,evaluator2,-1,orwell.appraise_t3,-1
2,75,orwell.appraise_t1,-1,-1,-1,1,75,evaluator1,-1,orwell.appraise_t2,-1
3,75,orwell.appraise_t1,-1,-1,-1,1,75,evaluator1,-1,orwell.appraise_t3,-1
3,75,orwell.appraise_t2,-1,-1,-1,2,75,evaluator1,-1,orwell.appraise_t3,-1
3,75,orwell.appraise_t1,-1,-1,-1,1,75,evaluator2,-1,orwell.appraise_t2,-1
2,75,orwell.appraise_t1,-1,-1,-1,1,75,evaluator2,-1,orwell.appraise_t3,-1
2,75,orwell.appraise_t2,-1,-1,-1,3,75,evaluator2,-1,orwell.appraise_t3,-1
2,76,orwell.appraise_t1,-1,-1,-1,3,76,evaluator1,-1,orwell.appraise_t2,-1
1,76,orwell.appraise_t1,-1,-1,-1,3,76,evaluator1,-1,orwell.appraise_t3,-1
1,76,orwell.appraise_t2,-1,-1,-1,2,76,evaluator1,-1,orwell.appraise_t3,-1
2,76,orwell.appraise_t1,-1,-1,-1,3,76,evaluator2,-1,orwell.appraise_t2,-1
1,76,orwell.appraise_t1,-1,-1,-1,3,76,evaluator2,-1,orwell.appraise_t3,-1
1,76,orwell.appraise_t2,-1,-1,-1,2,76,evaluator2,-1,orwell.appraise_t3,-1
2,77,orwell.appraise_t1,-1,-1,-1,1,77,evaluator2,-1,orwell.appraise_t2,-1
3,77,orwell.appraise_t1,-1,-1,-1,1,77,evaluator2,-1,orwell.appraise_t3,-1
3,77,orwell.appraise_t2,-1,-1,-1,2,77,evaluator2,-1,orwell.appraise_t3,-1
1,77,orwell.appraise_t1,-1,-1,-1,2,77,evaluator1,-1,orwell.appraise_t2,-1
1,77,orwell.appraise_t1,-1,-1,-1,2,77,evaluator1,-1,orwell.appraise_t3,-1
1,77,orwell.appraise_t2,-1,-1,-1,1,77,evaluator1,-1,orwell.appraise_t3,-1
3,78,orwell.appraise_t1,-1,-1,-1,1,78,evaluator2,-1,orwell.appraise_t2,-1
2,78,orwell.appraise_t1,-1,-1,-1,1,78,evaluator2,-1,orwell.appraise_t3,-1
2,78,orwell.appraise_t2,-1,-1,-1,3,78,evaluator2,-1,orwell.appraise_t3,-1
3,78,orwell.appraise_t1,-1,-1,-1,1,78,evaluator1,-1,orwell.appraise_t2,-1
2,78,orwell.appraise_t1,-1,-1,-1,1,78,evaluator1,-1,orwell.appraise_t3,-1
2,78,orwell.appraise_t2,-1,-1,-1,3,78,evaluator1,-1,orwell.appraise_t3,-1
3,79,orwell.appraise_t1,-1,-1,-1,1,79,evaluator2,-1,orwell.appraise_t2,-1
2,79,orwell.appraise_t1,-1,-1,-1,1,79,evaluator2,-1,orwell.appraise_t3,-1
2,79,orwell.appraise_t2,-1,-1,-1,3,79,evaluator2,-1,orwell.appraise_t3,-1
2,79,orwell.appraise_t1,-1,-1,-1,1,79,evaluator1,-1,orwell.appraise_t2,-1
2,79,orwell.appraise_t1,-1,-1,-1,1,79,evaluator1,-1,orwell.appraise_t3,-1
2,79,orwell.appraise_t2,-1,-1,-1,2,79,evaluator1,-1,orwell.appraise_t3,-1
2,80,orwell.appraise_t1,-1,-1,-1,1,80,evaluator2,-1,orwell.appraise_t2,-1
2,80,orwell.appraise_t1,-1,-1,-1,1,80,evaluator2,-1,orwell.appraise_t3,-1
2,80,orwell.appraise_t2,-1,-1,-1,2,80,evaluator2,-1,orwell.appraise_t3,-1
2,80,orwell.appraise_t1,-1,-1,-1,1,80,evaluator1,-1,orwell.appraise_t2,-1
2,80,orwell.appraise_t1,-1,-1,-1,1,80,evaluator1,-1,orwell.appraise_t3,-1
2,80,orwell.appraise_t2,-1,-1,-1,2,80,evaluator1,-1,orwell.appraise_t3,-1
3,81,orwell.appraise_t1,-1,-1,-1,1,81,evaluator2,-1,orwell.appraise_t2,-1
2,81,orwell.appraise_t1,-1,-1,-1,1,81,evaluator2,-1,orwell.appraise_t3,-1
2,81,orwell.appraise_t2,-1,-1,-1,3,81,evaluator2,-1,orwell.appraise_t3,-1
2,81,orwell.appraise_t1,-1,-1,-1,1,81,evaluator1,-1,orwell.appraise_t2,-1
2,81,orwell.appraise_t1,-1,-1,-1,1,81,evaluator1,-1,orwell.appraise_t3,-1
2,81,orwell.appraise_t2,-1,-1,-1,2,81,evaluator1,-1,orwell.appraise_t3,-1
1,82,orwell.appraise_t1,-1,-1,-1,2,82,evaluator2,-1,orwell.appraise_t2,-1
1,82,orwell.appraise_t1,-1,-1,-1,2,82,evaluator2,-1,orwell.appraise_t3,-1
1,82,orwell.appraise_t2,-1,-1,-1,1,82,evaluator2,-1,orwell.appraise_t3,-1
1,82,orwell.appraise_t1,-1,-1,-1,1,82,evaluator1,-1,orwell.appraise_t2,-1
1,82,orwell.appraise_t1,-1,-1,-1,1,82,evaluator1,-1,orwell.appraise_t3,-1
1,82,orwell.appraise_t2,-1,-1,-1,1,82,evaluator1,-1,orwell.appraise_t3,-1
3,83,orwell.appraise_t1,-1,-1,-1,1,83,evaluator2,-1,orwell.appraise_t2,-1
2,83,orwell.appraise_t1,-1,-1,-1,1,83,evaluator2,-1,orwell.appraise_t3,-1
2,83,orwell.appraise_t2,-1,-1,-1,3,83,evaluator2,-1,orwell.appraise_t3,-1
1,83,orwell.appraise_t1,-1,-1,-1,2,83,evaluator1,-1,orwell.appraise_t2,-1
1,83,orwell.appraise_t1,-1,-1,-1,2,83,evaluator1,-1,orwell.appraise_t3,-1
1,83,orwell.appraise_t2,-1,-1,-1,1,83,evaluator1,-1,orwell.appraise_t3,-1
2,84,orwell.appraise_t1,-1,-1,-1,3,84,evaluator2,-1,orwell.appraise_t2,-1
1,84,orwell.appraise_t1,-1,-1,-1,3,84,evaluator2,-1,orwell.appraise_t3,-1
1,84,orwell.appraise_t2,-1,-1,-1,2,84,evaluator2,-1,orwell.appraise_t3,-1
2,84,orwell.appraise_t1,-1,-1,-1,3,84,evaluator1,-1,orwell.appraise_t2,-1
1,84,orwell.appraise_t1,-1,-1,-1,3,84,evaluator1,-1,orwell.appraise_t3,-1
1,84,orwell.appraise_t2,-1,-1,-1,2,84,evaluator1,-1,orwell.appraise_t3,-1
3,85,orwell.appraise_t1,-1,-1,-1,2,85,evaluator2,-1,orwell.appraise_t2,-1
1,85,orwell.appraise_t1,-1,-1,-1,2,85,evaluator2,-1,orwell.appraise_t3,-1
1,85,orwell.appraise_t2,-1,-1,-1,3,85,evaluator2,-1,orwell.appraise_t3,-1
3,85,orwell.appraise_t1,-1,-1,-1,1,85,evaluator1,-1,orwell.appraise_t2,-1
2,85,orwell.appraise_t1,-1,-1,-1,1,85,evaluator1,-1,orwell.appraise_t3,-1
2,85,orwell.appraise_t2,-1,-1,-1,3,85,evaluator1,-1,orwell.appraise_t3,-1
1,86,orwell.appraise_t1,-1,-1,-1,2,86,evaluator2,-1,orwell.appraise_t2,-1
2,86,orwell.appraise_t1,-1,-1,-1,2,86,evaluator2,-1,orwell.appraise_t3,-1
2,86,orwell.appraise_t2,-1,-1,-1,1,86,evaluator2,-1,orwell.appraise_t3,-1
1,86,orwell.appraise_t1,-1,-1,-1,2,86,evaluator1,-1,orwell.appraise_t2,-1
2,86,orwell.appraise_t1,-1,-1,-1,2,86,evaluator1,-1,orwell.appraise_t3,-1
2,86,orwell.appraise_t2,-1,-1,-1,1,86,evaluator1,-1,orwell.appraise_t3,-1
2,87,orwell.appraise_t1,-1,-1,-1,1,87,evaluator2,-1,orwell.appraise_t2,-1
2,87,orwell.appraise_t1,-1,-1,-1,1,87,evaluator2,-1,orwell.appraise_t3,-1
2,87,orwell.appraise_t2,-1,-1,-1,2,87,evaluator2,-1,orwell.appraise_t3,-1
3,87,orwell.appraise_t1,-1,-1,-1,1,87,evaluator1,-1,orwell.appraise_t2,-1
2,87,orwell.appraise_t1,-1,-1,-1,1,87,evaluator1,-1,orwell.appraise_t3,-1
2,87,orwell.appraise_t2,-1,-1,-1,3,87,evaluator1,-1,orwell.appraise_t3,-1
3,88,orwell.appraise_t1,-1,-1,-1,1,88,evaluator2,-1,orwell.appraise_t2,-1
2,88,orwell.appraise_t1,-1,-1,-1,1,88,evaluator2,-1,orwell.appraise_t3,-1
2,88,orwell.appraise_t2,-1,-1,-1,3,88,evaluator2,-1,orwell.appraise_t3,-1
1,88,orwell.appraise_t1,-1,-1,-1,1,88,evaluator1,-1,orwell.appraise_t2,-1
2,88,orwell.appraise_t1,-1,-1,-1,1,88,evaluator1,-1,orwell.appraise_t3,-1
2,88,orwell.appraise_t2,-1,-1,-1,1,88,evaluator1,-1,orwell.appraise_t3,-1
2,89,orwell.appraise_t1,-1,-1,-1,1,89,evaluator2,-1,orwell.appraise_t2,-1
2,89,orwell.appraise_t1,-1,-1,-1,1,89,evaluator2,-1,orwell.appraise_t3,-1
2,89,orwell.appraise_t2,-1,-1,-1,2,89,evaluator2,-1,orwell.appraise_t3,-1
2,89,orwell.appraise_t1,-1,-1,-1,1,89,evaluator1,-1,orwell.appraise_t2,-1
2,89,orwell.appraise_t1,-1,-1,-1,1,89,evaluator1,-1,orwell.appraise_t3,-1
2,89,orwell.appraise_t2,-1,-1,-1,2,89,evaluator1,-1,orwell.appraise_t3,-1
3,90,orwell.appraise_t1,-1,-1,-1,1,90,evaluator2,-1,orwell.appraise_t2,-1
2,90,orwell.appraise_t1,-1,-1,-1,1,90,evaluator2,-1,orwell.appraise_t3,-1
2,90,orwell.appraise_t2,-1,-1,-1,3,90,evaluator2,-1,orwell.appraise_t3,-1
2,90,orwell.appraise_t1,-1,-1,-1,3,90,evaluator1,-1,orwell.appraise_t2,-1
1,90,orwell.appraise_t1,-1,-1,-1,3,90,evaluator1,-1,orwell.appraise_t3,-1
1,90,orwell.appraise_t2,-1,-1,-1,2,90,evaluator1,-1,orwell.appraise_t3,-1
3,91,orwell.appraise_t1,-1,-1,-1,1,91,evaluator2,-1,orwell.appraise_t2,-1
2,91,orwell.appraise_t1,-1,-1,-1,1,91,evaluator2,-1,orwell.appraise_t3,-1
2,91,orwell.appraise_t2,-1,-1,-1,3,91,evaluator2,-1,orwell.appraise_t3,-1
2,91,orwell.appraise_t1,-1,-1,-1,1,91,evaluator1,-1,orwell.appraise_t2,-1
2,91,orwell.appraise_t1,-1,-1,-1,1,91,evaluator1,-1,orwell.appraise_t3,-1
2,91,orwell.appraise_t2,-1,-1,-1,2,91,evaluator1,-1,orwell.appraise_t3,-1
3,92,orwell.appraise_t1,-1,-1,-1,1,92,evaluator2,-1,orwell.appraise_t2,-1
2,92,orwell.appraise_t1,-1,-1,-1,1,92,evaluator2,-1,orwell.appraise_t3,-1
2,92,orwell.appraise_t2,-1,-1,-1,3,92,evaluator2,-1,orwell.appraise_t3,-1
3,92,orwell.appraise_t1,-1,-1,-1,1,92,evaluator1,-1,orwell.appraise_t2,-1
2,92,orwell.appraise_t1,-1,-1,-1,1,92,evaluator1,-1,orwell.appraise_t3,-1
2,92,orwell.appraise_t2,-1,-1,-1,3,92,evaluator1,-1,orwell.appraise_t3,-1
3,93,orwell.appraise_t1,-1,-1,-1,1,93,evaluator2,-1,orwell.appraise_t2,-1
2,93,orwell.appraise_t1,-1,-1,-1,1,93,evaluator2,-1,orwell.appraise_t3,-1
2,93,orwell.appraise_t2,-1,-1,-1,3,93,evaluator2,-1,orwell.appraise_t3,-1
2,93,orwell.appraise_t1,-1,-1,-1,2,93,evaluator1,-1,orwell.appraise_t2,-1
1,93,orwell.appraise_t1,-1,-1,-1,2,93,evaluator1,-1,orwell.appraise_t3,-1
1,93,orwell.appraise_t2,-1,-1,-1,2,93,evaluator1,-1,orwell.appraise_t3,-1
3,94,orwell.appraise_t1,-1,-1,-1,1,94,evaluator2,-1,orwell.appraise_t2,-1
2,94,orwell.appraise_t1,-1,-1,-1,1,94,evaluator2,-1,orwell.appraise_t3,-1
2,94,orwell.appraise_t2,-1,-1,-1,3,94,evaluator2,-1,orwell.appraise_t3,-1
2,94,orwell.appraise_t1,-1,-1,-1,3,94,evaluator1,-1,orwell.appraise_t2,-1
1,94,orwell.appraise_t1,-1,-1,-1,3,94,evaluator1,-1,orwell.appraise_t3,-1
1,94,orwell.appraise_t2,-1,-1,-1,2,94,evaluator1,-1,orwell.appraise_t3,-1
3,95,orwell.appraise_t1,-1,-1,-1,1,95,evaluator2,-1,orwell.appraise_t2,-1
2,95,orwell.appraise_t1,-1,-1,-1,1,95,evaluator2,-1,orwell.appraise_t3,-1
2,95,orwell.appraise_t2,-1,-1,-1,3,95,evaluator2,-1,orwell.appraise_t3,-1
3,95,orwell.appraise_t1,-1,-1,-1,1,95,evaluator1,-1,orwell.appraise_t2,-1
2,95,orwell.appraise_t1,-1,-1,-1,1,95,evaluator1,-1,orwell.appraise_t3,-1
2,95,orwell.appraise_t2,-1,-1,-1,3,95,evaluator1,-1,orwell.appraise_t3,-1
2,96,orwell.appraise_t1,-1,-1,-1,1,96,evaluator2,-1,orwell.appraise_t2,-1
2,96,orwell.appraise_t1,-1,-1,-1,1,96,evaluator2,-1,orwell.appraise_t3,-1
2,96,orwell.appraise_t2,-1,-1,-1,2,96,evaluator2,-1,orwell.appraise_t3,-1
2,96,orwell.appraise_t1,-1,-1,-1,1,96,evaluator1,-1,orwell.appraise_t2,-1
2,96,orwell.appraise_t1,-1,-1,-1,1,96,evaluator1,-1,orwell.appraise_t3,-1
2,96,orwell.appraise_t2,-1,-1,-1,2,96,evaluator1,-1,orwell.appraise_t3,-1
3,97,orwell.appraise_t1,-1,-1,-1,1,97,evaluator2,-1,orwell.appraise_t2,-1
2,97,orwell.appraise_t1,-1,-1,-1,1,97,evaluator2,-1,orwell.appraise_t3,-1
2,97,orwell.appraise_t2,-1,-1,-1,3,97,evaluator2,-1,orwell.appraise_t3,-1
2,97,orwell.appraise_t1,-1,-1,-1,3,97,evaluator1,-1,orwell.appraise_t2,-1
1,97,orwell.appraise_t1,-1,-1,-1,3,97,evaluator1,-1,orwell.appraise_t3,-1
1,97,orwell.appraise_t2,-1,-1,-1,2,97,evaluator1,-1,orwell.appraise_t3,-1
2,99,orwell.appraise_t1,-1,-1,-1,1,99,evaluator2,-1,orwell.appraise_t2,-1
2,99,orwell.appraise_t1,-1,-1,-1,1,99,evaluator2,-1,orwell.appraise_t3,-1
2,99,orwell.appraise_t2,-1,-1,-1,2,99,evaluator2,-1,orwell.appraise_t3,-1
2,99,orwell.appraise_t1,-1,-1,-1,3,99,evaluator1,-1,orwell.appraise_t2,-1
1,99,orwell.appraise_t1,-1,-1,-1,3,99,evaluator1,-1,orwell.appraise_t3,-1
1,99,orwell.appraise_t2,-1,-1,-1,2,99,evaluator1,-1,orwell.appraise_t3,-1
1,100,orwell.appraise_t1,-1,-1,-1,3,100,evaluator2,-1,orwell.appraise_t2,-1
2,100,orwell.appraise_t1,-1,-1,-1,3,100,evaluator2,-1,orwell.appraise_t3,-1
2,100,orwell.appraise_t2,-1,-1,-1,1,100,evaluator2,-1,orwell.appraise_t3,-1
1,100,orwell.appraise_t1,-1,-1,-1,2,100,evaluator1,-1,orwell.appraise_t2,-1
2,100,orwell.appraise_t1,-1,-1,-1,2,100,evaluator1,-1,orwell.appraise_t3,-1
2,100,orwell.appraise_t2,-1,-1,-1,1,100,evaluator1,-1,orwell.appraise_t3,-1
3,101,orwell.appraise_t1,-1,-1,-1,2,101,evaluator2,-1,orwell.appraise_t2,-1
1,101,orwell.appraise_t1,-1,-1,-1,2,101,evaluator2,-1,orwell.appraise_t3,-1
1,101,orwell.appraise_t2,-1,-1,-1,3,101,evaluator2,-1,orwell.appraise_t3,-1
2,102,orwell.appraise_t1,-1,-1,-1,1,102,evaluator2,-1,orwell.appraise_t2,-1
2,102,orwell.appraise_t1,-1,-1,-1,1,102,evaluator2,-1,orwell.appraise_t3,-1
2,102,orwell.appraise_t2,-1,-1,-1,2,102,evaluator2,-1,orwell.appraise_t3,-1
1,103,orwell.appraise_t1,-1,-1,-1,1,103,evaluator2,-1,orwell.appraise_t2,-1
1,103,orwell.appraise_t1,-1,-1,-1,1,103,evaluator2,-1,orwell.appraise_t3,-1
1,103,orwell.appraise_t2,-1,-1,-1,1,103,evaluator2,-1,orwell.appraise_t3,-1
